N_walkers = 200
N_cull = 1
N_steps_per_walker = 2000
eps = 1.0e-8
0.9900745031063588 -3.6633732586093974 
0.9851487593098098 -3.6635167507852344 
0.9802475217013032 -3.674207739679863 
0.9753706683595058 -3.6742710067000797 
0.9705180779696575 -3.6778151167928868 
0.9656896298205547 -3.68048456751897 
0.9608852038015471 -3.6833897854622406 
0.9561046803995493 -3.6842250202354125 
0.951347940696069 -3.6848359051436006 
0.9466148663642477 -3.686096806984552 
0.9419053396659182 -3.6861466893132198 
0.9372192434486748 -3.6932550874731374 
0.9325564611429601 -3.6948778070927575 
0.9279168767591642 -3.6965911005481025 
0.9233003748847406 -3.698805487947664 
0.9187068406813339 -3.7035782087925946 
0.9141361598819243 -3.703738842595373 
0.9095882187879845 -3.704580838258125 
0.9050629042666513 -3.7059012216096696 
0.9005601037479116 -3.7061486005921243 
0.8960797052218027 -3.7064032118208767 
0.8916215972356246 -3.717563317905429 
0.8871856688911688 -3.7189285071882456 
0.882771809841959 -3.7204787475780514 
0.8783799102905064 -3.720517139155621 
0.8740098609855785 -3.722514514045388 
0.8696615532194812 -3.7248262331507647 
0.8653348788253544 -3.7250334434239023 
0.861029730174482 -3.7253486897255677 
0.856746000173614 -3.7260678540414123 
0.8524835822623025 -3.7268093516214393 
0.8482423704102513 -3.727768903353535 
0.8440222591146779 -3.7298076090229437 
0.8398231433976895 -3.7298529489590364 
0.8356449188036712 -3.730934335275173 
0.8314874813966877 -3.7309411458609643 
0.8273507277578983 -3.732041145227753 
0.8232345549829834 -3.733167328881884 
0.8191388606795854 -3.7337409213152353 
0.8150635429647617 -3.734665313622385 
0.8110085004624494 -3.736552669309594 
0.8069736323009448 -3.7369351815798457 
0.8029588381103928 -3.7405224488614928 
0.7989640180202914 -3.741362642689551 
0.7949890726570064 -3.743755032883507 
0.7910339031412998 -3.744476306206038 
0.7870984110858705 -3.7465864026332714 
0.783182498592906 -3.7475372929841124 
0.7792860682516478 -3.7479864355183192 
0.7754090231359679 -3.7480210426199236 
0.7715512668019582 -3.749071459768165 
0.7677127032855305 -3.753649801407864 
0.7638932371000304 -3.754028200961491 
0.7600927732338612 -3.757025400729694 
0.7563112171481206 -3.763435094957935 
0.7525484747742494 -3.764164721422436 
0.7488044525116909 -3.7677863378088547 
0.7450790572255631 -3.7685146998456 
0.7413721962443414 -3.7693036235990593 
0.7376837773575536 -3.7715744515789646 
0.7340137088134863 -3.7721297390611594 
0.7303618993169018 -3.7748406040136304 
0.7267282580267679 -3.7758332314396763 
0.723112694553998 -3.776333262281935 
0.719515118959202 -3.780763298287952 
0.7159354417504497 -3.782040107455752 
0.7123735738810445 -3.7826369563425275 
0.708829426747308 -3.7847200776924366 
0.7053029121863761 -3.785840063772166 
0.7017939424740061 -3.788154642355302 
0.6983024303223941 -3.7883906244332732 
0.6948282888780042 -3.789865407159517 
0.6913714317194071 -3.7988341616612984 
0.6879317728551315 -3.7993304111496893 
0.6845092267215239 -3.799392799818225 
0.6811037081806208 -3.800151777168278 
0.6777151325180306 -3.800592706760227 
0.6743434154408265 -3.8037550259472264 
0.6709884730754493 -3.806279441022636 
0.6676502219656212 -3.8065031184125693 
0.6643285790702699 -3.8097457856448456 
0.6610234617614625 -3.8106424093813285 
0.6577347878223508 -3.811047970759119 
0.6544624754451253 -3.8111995313405362 
0.6512064432289804 -3.8151174242960213 
0.6479666101780899 -3.8179204757733727 
0.644742895699592 -3.818141620389699 
0.6415352196015841 -3.8200928502958105 
0.6383435020911284 -3.82422952743442 
0.6351676637722671 -3.8287794311306302 
0.6320076256440469 -3.8298224170231077 
0.6288633090985541 -3.8308106383175446 
0.6257346359189594 -3.8315098928515696 
0.6226215282775716 -3.831617067234239 
0.619523908733902 -3.8328025537358013 
0.6164417002327384 -3.834323796249029 
0.6133748261022272 -3.8379733795778956 
0.6103232100519674 -3.838088733182831 
0.6072867761711118 -3.838419695055619 
0.6042654489264795 -3.8491601992576174 
0.6012591531606761 -3.849334366384754 
0.598267814090225 -3.8505375694817623 
0.5952913573037064 -3.8515425014508833 
0.592329708759907 -3.8535828657467324 
0.5893827947859771 -3.8545080696150125 
0.5864505420755991 -3.854776973197375 
0.5835328776871633 -3.857270883544533 
0.5806297290419535 -3.8583316750503704 
0.5777410239223418 -3.8614859444174985 
0.5748666904699918 -3.862403544777782 
0.5720066571840715 -3.8633116849370133 
0.5691608529194742 -3.8667393191324404 
0.566329206885049 -3.867901437767842 
0.5635116486418398 -3.871602934983901 
0.5607081081013331 -3.8725982250011888 
0.5579185155237145 -3.8767336889595305 
0.5551428015161339 -3.877276561151992 
0.552380897030979 -3.880141145598274 
0.5496327333641582 -3.8839487754299062 
0.5468982421533913 -3.8840734078263504 
0.5441773553765088 -3.884192402174701 
0.54147000534976 -3.885890045209408 
0.5387761247261293 -3.8864036337866104 
0.536095646493661 -3.887705725224178 
0.533428503973792 -3.8905451718864534 
0.5307746308196937 -3.8906635771378086 
0.5281339610146205 -3.8907889518599688 
0.5255064288702692 -3.8922931677230395 
0.5228919690251435 -3.892404409766666 
0.5202905164429289 -3.8926632449228236 
0.5177020064108745 -3.8934951950570174 
0.5151263745381837 -3.8943289142996793 
0.5125635567544116 -3.8945304745105025 
0.5100134893078722 -3.8947056533356883 
0.5074761087640519 -3.8978747729312095 
0.5049513520040319 -3.8983667207518486 
0.5024391562229172 -3.8984776193421498 
0.49993945892827585 -3.899316289515907 
0.497452197938583 -3.901109940234341 
0.4949773113816746 -3.903420173157793 
0.4925147376932086 -3.9037942971725985 
0.4900644156151329 -3.9041763422469926 
0.48762628419416215 -3.9057087526166225 
0.48520028278026084 -3.9088355921544644 
0.4827863510251352 -3.9100805392657794 
0.4803844288807315 -3.9120805076153764 
0.4779944565977428 -3.916086929934113 
0.4756163747241222 -3.918140368471334 
0.47325012410360423 -3.9199025279916886 
0.47089564587423305 -3.9206379501105917 
0.46855288146689855 -3.921156897979431 
0.4662217726038792 -3.922632362548068 
0.46390226129739226 -3.9226384460255423 
0.4615942898481515 -3.9244186360447255 
0.45929780084393185 -3.9249562952891517 
0.45701273715814117 -3.9259969469454945 
0.45473904194839915 -3.9265065752286734 
0.45247665865512354 -3.9291435654729576 
0.45022553100012297 -3.929228084714655 
0.44798560298519696 -3.9342894973439497 
0.44575681889074326 -3.9352207972012425 
0.4435391232743714 -3.9363684614465244 
0.44133246096952383 -3.936734821058003 
0.4391367770841033 -3.940073322699325 
0.4369520169991078 -3.940131242743953 
0.4347781263672714 -3.940508366082409 
0.4326150511117129 -3.9405335516516047 
0.43046273742458996 -3.9406080406079456 
0.42832113176576114 -3.9413960215611716 
0.4261901808614539 -3.948769841642331 
0.4240698317029392 -3.9497603220843702 
0.4219600315452131 -3.9515529844661446 
0.41986072790568474 -3.9516487551531023 
0.41777186856287035 -3.9532871490503267 
0.41569340155509493 -3.9554794703133163 
0.41362527517919895 -3.9577710257772742 
0.41156743798925266 -3.9587294839297282 
0.4095198387952763 -3.9606020424814763 
0.4074824266619665 -3.9614633316268053 
0.40545515090742934 -3.962341354533496 
0.40343796110191976 -3.9636606951176674 
0.40143080706658685 -3.9646509516199524 
0.3994336388722257 -3.9653357083238494 
0.39744640683803556 -3.9685070286618895 
0.39546906153038364 -3.970869912492969 
0.39350155376157575 -3.9739713613628207 
0.3915438345886326 -3.974099919958825 
0.38959585531207225 -3.97416589374167 
0.38765756747469876 -3.974401112640946 
0.3857289228603968 -3.975423740540727 
0.38380987349293216 -3.976713396012322 
0.3819003716347584 -3.9768842938525535 
0.38000036978582924 -3.981061245458754 
0.37810982068241716 -3.9811907903730623 
0.37622867729593745 -3.9831445799138385 
0.3743568928317786 -3.983713315632216 
0.3724944207281379 -3.9850620737338684 
0.3706412146548636 -3.985846470897827 
0.36879722851230207 -3.9887579206942307 
0.3669624164301513 -3.9908256517176706 
0.36513673276631975 -3.9925917045820243 
0.3633201321057908 -3.9926217159875894 
0.3615125692594933 -3.9932861755528535 
0.3597139992631775 -3.9962865029346535 
0.357924377376296 -3.9972727839823685 
0.3561436590808916 -3.9986693271392992 
0.35437180008048913 -4.006727633887616 
0.35260875629899413 -4.010489539762324 
0.35085448387959617 -4.018633861373488 
0.3491089391836778 -4.019075280561853 
0.34737207878972914 -4.026295538731004 
0.34564385949226784 -4.026892747978237 
0.343924238300764 -4.027467360731214 
0.3422131724385712 -4.028725821918645 
0.3405106193418619 -4.02887943070485 
0.33881653665856903 -4.0323906078079235 
0.33713088224733234 -4.038925572584186 
0.33545361417645014 -4.043064014152193 
0.33378469072283595 -4.045290894522999 
0.3321240703709811 -4.049807946282519 
0.3304717118119215 -4.053628963385281 
0.3288275739422104 -4.055144002032592 
0.3271916158628959 -4.0566647394391495 
0.32556379687850345 -4.058246527172197 
0.3239440764960233 -4.059393377394959 
0.3223324144239038 -4.05988662803789 
0.3207287705710486 -4.060648788197001 
0.3191331050458195 -4.062632614452663 
0.31754537815504424 -4.068709006775514 
0.31596555040302915 -4.0693802240171 
0.31439358249057625 -4.0770484855667934 
0.31282943531400625 -4.083276855111045 
0.3112730699641853 -4.0920346358858835 
0.3097244477255575 -4.093550828281084 
0.3081835300751816 -4.099236047332887 
0.30665027868177275 -4.099415018026516 
0.30512465540474903 -4.100570251779401 
0.3036066222932826 -4.102237944139916 
0.30209614158535586 -4.103371455887926 
0.30059317570682176 -4.105067122929811 
0.2990976872704694 -4.105085437060627 
0.29760963907509397 -4.1062526404729525 
0.2961289941045711 -4.1063069998933575 
0.2946557155269364 -4.108799861185295 
0.2931897666934691 -4.113820076008314 
0.2917311111377802 -4.115434319598732 
0.2902797125749057 -4.116856099934819 
0.28883553490040365 -4.119831310454092 
0.2873985421894564 -4.121296142019155 
0.2859686986959765 -4.122206645556177 
0.2845459688517179 -4.124245758563243 
0.283130317265391 -4.124267910543002 
0.2817217087217821 -4.124750421682511 
0.2803201081808777 -4.125732176050582 
0.27892548077699275 -4.126022589037346 
0.2775377918179032 -4.128381970658993 
0.2761570067839833 -4.1284102552339785 
0.2747830913273466 -4.130109983238322 
0.27341601127099163 -4.130741781533103 
0.2720557326079519 -4.132345107740217 
0.27070222150044965 -4.133125419037684 
0.2693554442790544 -4.133761429971955 
0.2680153674418452 -4.134233650236741 
0.2666819576535773 -4.135062780050604 
0.265355181744853 -4.135527575011851 
0.26403500671129654 -4.135750026125374 
0.2627213997127329 -4.136108624256096 
0.261414328072371 -4.1379889054645105 
0.26011375927599106 -4.139931142773634 
0.2588196609711354 -4.140309696909253 
0.2575320009663039 -4.1436091780988225 
0.2562507472301531 -4.143805318106034 
0.25497586789069965 -4.144913404806795 
0.25370733123452704 -4.1468446189014205 
0.25244510570599704 -4.147296299678966 
0.25118915990646473 -4.149798479179746 
0.24993946259349725 -4.150212792751718 
0.24869598268009677 -4.151180695506204 
0.24745868923392714 -4.151996119932684 
0.2462275514765444 -4.153438652385014 
0.24500253878263126 -4.154403379965341 
0.2437836206792351 -4.157135915493924 
0.24257076684501006 -4.158373776829661 
0.24136394710946274 -4.158534991916852 
0.24016313145220175 -4.159285277298366 
0.2389682900021908 -4.162937377262674 
0.23777939303700577 -4.167513021873825 
0.2365964109820953 -4.16851328224349 
0.23541931441004507 -4.168584192202745 
0.23424807403984585 -4.168667161584768 
0.23308266073616504 -4.169675265367055 
0.23192304550862192 -4.170346545528134 
0.23076919951106661 -4.17077598666758 
0.22962109404086228 -4.172241964855867 
0.22847870053817143 -4.17503775752654 
0.22734199058524523 -4.176691578678828 
0.22621093590571664 -4.178066564164595 
0.22508550836389715 -4.17849806586704 
0.2239656799640768 -4.178835415165049 
0.22285142284982765 -4.179251617102444 
0.2217427093033111 -4.179490031772087 
0.22063951174458815 -4.180339702443262 
0.2195418027309335 -4.180516668667319 
0.21844955495615273 -4.180867357428865 
0.21736274124990324 -4.182858107229353 
0.21628133457701815 -4.1848233288150825 
0.215205308036834 -4.184828733155906 
0.21413463486252138 -4.186040172832313 
0.21306928842041928 -4.187028823545072 
0.21200924220937242 -4.188080996927104 
0.21095446986007207 -4.188462280799071 
0.20990494513440008 -4.189846684075189 
0.2088606419247762 -4.192468996410491 
0.20782153425350866 -4.19251585866149 
0.20678759627214793 -4.193124919285507 
0.20575880226084373 -4.19445672912101 
0.20473512662770518 -4.196819442249112 
0.20371654390816438 -4.197396047871801 
0.20270302876434268 -4.198980589140359 
0.20169455598442057 -4.200973468608083 
0.20069110048201053 -4.20125060395423 
0.19969263729553285 -4.201877671207548 
0.19869914158759489 -4.203491518541407 
0.19771058864437302 -4.204562148295295 
0.19672695387499806 -4.208728955229044 
0.19574821281094335 -4.211012996312452 
0.19477434110541625 -4.211259208294335 
0.1938053145327525 -4.215670600442666 
0.19284110898781343 -4.215855845362458 
0.1918817004853865 -4.216312428984385 
0.19092706515958857 -4.216570431925896 
0.1899771792632722 -4.216659400101084 
0.18903201916743503 -4.221924187691241 
0.18809156136063188 -4.222260729294108 
0.18715578244838993 -4.22304597166515 
0.18622465915262681 -4.223302390769444 
0.18529816831107146 -4.223364890793175 
0.18437628687668803 -4.2248007809048085 
0.18345899191710252 -4.225522942786033 
0.18254626061403237 -4.225878672286906 
0.18163807026271878 -4.22627199955113 
0.18073439827136195 -4.22814825106961 
0.17983522216055917 -4.228904249574657 
0.17894051956274545 -4.229272457273519 
0.17805026822163728 -4.230339131101074 
0.17716444599167888 -4.231699540716456 
0.17628303083749142 -4.2320102478403046 
0.1754060008333248 -4.232197556439409 
0.17453333416251224 -4.232490310082886 
0.17366500911692762 -4.2329635914597645 
0.1728010040964454 -4.233531395157649 
0.17194129760840338 -4.234383539195107 
0.17108586826706804 -4.2344736906336795 
0.17023469479310252 -4.23512346937585 
0.16938775601303735 -4.235996437224939 
0.16854503085874364 -4.237553620517918 
0.1677064983669091 -4.2382503074377444 
0.16687213767851652 -4.238413242097699 
0.1660419280383249 -4.2385624642308475 
0.16521584879435314 -4.238959701462731 
0.1643938793973663 -4.23931528042243 
0.1635759994003645 -4.239572007148956 
0.1627621884580741 -4.240517435066711 
0.1619524263264419 -4.240990209269078 
0.16114669286213126 -4.241495240185266 
0.16034496802202117 -4.241801627177266 
0.1595472318627076 -4.244762250883792 
0.15875346454000758 -4.245487663471375 
0.15796364630846527 -4.245774782757923 
0.15717775752086097 -4.249180435683614 
0.15639577862772236 -4.250198220235988 
0.15561769017683816 -4.2510167492290485 
0.1548434728127743 -4.25122957867788 
0.15407310727639234 -4.252781406841526 
0.15330657440437048 -4.253856453275647 
0.15254385512872687 -4.255433900426069 
0.15178493047634514 -4.255737737048477 
0.15102978156850264 -4.2574008873497196 
0.15027838962040063 -4.2581185147079506 
0.14953073594069716 -4.261789766642942 
0.14878680193104193 -4.263324324697267 
0.14804656908561387 -4.263426330939369 
0.14731001899066057 -4.263837951741576 
0.14657713332404038 -4.2639170473700725 
0.14584789385476654 -4.264674361483627 
0.1451222824425538 -4.265263358412917 
0.14440028103736696 -4.265424112332256 
0.1436818716789721 -4.266401985127934 
0.14296703649648965 -4.2667890341391566 
0.1422557577079499 -4.267994784187099 
0.14154801761985064 -4.269291635278698 
0.14084379862671706 -4.2693942580434046 
0.14014308321066377 -4.270324906441254 
0.13944585394095896 -4.270961777619325 
0.13875209347359102 -4.270996217696353 
0.13806178455083684 -4.271065460823548 
0.13737491000083266 -4.271744904842817 
0.13669145273714695 -4.273322802945612 
0.13601139575835516 -4.273442221215766 
0.13533472214761708 -4.276259972540245 
0.13466141507225582 -4.27743682433175 
0.13399145778333912 -4.277741399666616 
0.13332483361526282 -4.278971591974593 
0.13266152598533612 -4.279572861109321 
0.1320015183933693 -4.28072346934193 
0.13134479442126298 -4.281013701088892 
0.13069133773259997 -4.281339207583288 
0.13004113207223877 -4.281421832248174 
0.12939416126590925 -4.282460050391842 
0.12875040921981018 -4.282875528955695 
0.12810985992020915 -4.283688830748312 
0.12747249743304392 -4.283974775660532 
0.1268383059035263 -4.28504903131278 
0.12620726955574757 -4.285567069723207 
0.12557937269228614 -4.286334985731354 
0.12495459969381706 -4.286521131426238 
0.12433293501872344 -4.28749772895297 
0.1237143632027099 -4.2888022752605135 
0.12309886885841781 -4.290572735755033 
0.1224864366750426 -4.290581975706161 
0.12187705141795284 -4.291809401656197 
0.12127069792831129 -4.292341395401689 
0.1206673611226978 -4.292953332654049 
0.12006702599273412 -4.2941478798062604 
0.11946967760471058 -4.295066546950245 
0.11887530109921451 -4.29542889489576 
0.1182838816907607 -4.296579536695921 
0.11769540466742359 -4.296885874839029 
0.11710985539047124 -4.300033838977378 
0.11652721929400124 -4.301767917104665 
0.11594748188457835 -4.303459770718397 
0.11537062874087398 -4.304570255380626 
0.11479664551330744 -4.306908688249744 
0.114225517923689 -4.308169134887314 
0.11365723176486468 -4.309309988700299 
0.11309177290036287 -4.309794199189639 
0.11252912726404266 -4.3110907116127075 
0.11196928085974395 -4.313040377780976 
0.11141221976093925 -4.313259464374469 
0.11085793011038732 -4.31375992278498 
0.11030639811978837 -4.313954979776242 
0.10975761006944118 -4.31438315834159 
0.10921155230790167 -4.314511353281181 
0.10866821125164346 -4.3167345099365155 
0.10812757338471986 -4.3168503195883945 
0.10758962525842772 -4.317161590039836 
0.10705435349097286 -4.318882258766048 
0.10652174476713717 -4.319734005230037 
0.10599178583794744 -4.3210375903076335 
0.10546446352034572 -4.32345818960297 
0.1049397646968614 -4.323518983460988 
0.104417676315285 -4.324707453511631 
0.10389818538834328 -4.325421790959604 
0.10338127899337639 -4.325898374871753 
0.10286694427201631 -4.3266492432379575 
0.10235516842986699 -4.326799611161523 
0.10184593873618605 -4.327404105476435 
0.10133924252356821 -4.3276689301773965 
0.10083506718763006 -4.328100924694397 
0.10033340018669659 -4.329112885674796 
0.09983422904148914 -4.32941829304268 
0.09933754133481507 -4.3297171055009605 
0.09884332471125878 -4.3303214023480265 
0.09835156687687441 -4.33060827431538 
0.09786225559888001 -4.332706361389913 
0.09737537870535325 -4.332894402255269 
0.09689092408492861 -4.33345940699782 
0.09640887968649613 -4.333575724188925 
0.09592923351890162 -4.333871386011952 
0.09545197365064838 -4.334813552293729 
0.09497708820960038 -4.337643700329894 
0.09450456538268695 -4.337868304767385 
0.0940343934156089 -4.33826464191501 
0.09356656061254617 -4.339547111922595 
0.09310105533586685 -4.33984553285575 
0.09263786600583766 -4.340128011612705 
0.09217698110033598 -4.341320234846186 
0.09171838915456317 -4.343107653740874 
0.09126207876075937 -4.343957992775572 
0.09080803856791977 -4.344125802524508 
0.09035625728151221 -4.344329179827531 
0.08990672366319624 -4.3443399092597215 
0.08945942653054352 -4.34455248450236 
0.08901435475675973 -4.344611929227916 
0.0885714972704077 -4.346373883019606 
0.08813084305513204 -4.346947198269253 
0.0876923811493851 -4.347080223592838 
0.08725610064615434 -4.34787478718479 
0.08682199069269089 -4.348485081385005 
0.08639004049023968 -4.348622894438351 
0.08596023929377083 -4.3490173171981 
0.08553257641171227 -4.349175243644729 
0.08510704120568387 -4.349959810696453 
0.0846836230902327 -4.350277279829699 
0.08426231153256986 -4.350791544826759 
0.08384309605230832 -4.351051628490752 
0.0834259662212023 -4.3512321113995265 
0.08301091166288786 -4.351803967008611 
0.08259792205262474 -4.351820983938287 
0.08218698711703955 -4.351969241569912 
0.0817780966338702 -4.353157468111256 
0.08137124043171164 -4.3536819191714535 
0.08096640838976282 -4.353781032992699 
0.08056359043757495 -4.355826894490772 
0.08016277655480096 -4.357196948958299 
0.07976395677094622 -4.358333544021013 
0.07936712116512062 -4.359643658544125 
0.07897225986579166 -4.359795514065149 
0.07857936305053898 -4.360878445025293 
0.07818842094580992 -4.361435100045019 
0.07779942382667654 -4.362864681556548 
0.07741236201659357 -4.364336410796166 
0.0770272258871578 -4.3647342253811905 
0.07664400585786844 -4.364802948285302 
0.07626269239588901 -4.364861915471431 
0.07588327601580996 -4.3664090769973125 
0.0755057472794129 -4.367362874132561 
0.07513009679543572 -4.3700894854226835 
0.07475631521933902 -4.37102958775746 
0.07438439325307367 -4.371096357525509 
0.07401432164484942 -4.372205366111749 
0.07364609118890489 -4.374486779522354 
0.0732796927252785 -4.375025987979673 
0.0729151171395806 -4.37515485739412 
0.07255235536276677 -4.375179622643594 
0.07219139837091221 -4.375465315138013 
0.07183223718498727 -4.376238778046244 
0.0714748628706341 -4.377103685986716 
0.07111926653794438 -4.377839859296407 
0.07076543934123819 -4.378032643707385 
0.07041337247884398 -4.378776202545322 
0.07006305719287959 -4.380011656111626 
0.06971448476903441 -4.381713854849033 
0.06936764653635265 -4.383579318326835 
0.06902253386701757 -4.384335691724055 
0.06867913817613688 -4.384728876984339 
0.06833745092152924 -4.385063628623307 
0.06799746360351168 -4.3861754173558 
0.06765916776468824 -4.387776402028601 
0.06732255498973955 -4.390485240095032 
0.06698761690521347 -4.390775029699774 
0.0666543451793169 -4.391001649910372 
0.06632273152170835 -4.3916402477847685 
0.06599276768329189 -4.391780695490771 
0.06566444545601184 -4.393006036682935 
0.0653377566726486 -4.3936052670372705 
0.06501269320661551 -4.395371136820979 
0.06468924697175674 -4.396246288309432 
0.06436740992214601 -4.397415412348978 
0.06404717405188658 -4.397630059580683 
0.06372853139491202 -4.3978954672700405 
0.06341147402478808 -4.398216063399428 
0.0630959940545155 -4.39841518698277 
0.06278208363633384 -4.398798826043903 
0.062469734961526205 -4.399133639399026 
0.06215894026022508 -4.401110089902965 
0.061849691801218985 -4.401477227912091 
0.06154198189176019 -4.401815301770525 
0.061235802877373326 -4.402482915777836 
0.060931147141665 -4.402663708028969 
0.06062800710613433 -4.404114036885351 
0.06032637522998441 -4.406739609762744 
0.06002624400993474 -4.409209464687661 
0.059727605980034564 -4.409277269017435 
0.059430453711477184 -4.409687132393118 
0.059134779812415106 -4.412233539161518 
0.05884057692777623 -4.412310328635144 
0.05854783773908082 -4.4150416152265235 
0.05825655496425953 -4.415078201503815 
0.05796672135747217 -4.415129955692523 
0.057678329708927535 -4.4176534638998906 
0.05739137284470401 -4.4180182432190485 
0.05710584362657116 -4.419715452837817 
0.0568217349518121 -4.42197533065325 
0.05653903975304687 -4.422564165898274 
0.056257750998056584 -4.422937100295801 
0.05597786168960854 -4.424018420272343 
0.05569936486528213 -4.425364398047669 
0.055422253597295655 -4.427943493518056 
0.05514652099233399 -4.4280840455084745 
0.054872160191377105 -4.4295898659823685 
0.05459916436952946 -4.430675693854202 
0.05432752673585021 -4.430816788966761 
0.05405724053318429 -4.431746281922283 
0.05378829903799432 -4.432475876860361 
0.05352069556019335 -4.434597772624251 
0.05325442344297846 -4.434889348338325 
0.05298947606266514 -4.435051063657413 
0.05272584682852253 -4.436057421579591 
0.05246352918260948 -4.436332664053955 
0.05220251659961142 -4.436539466202734 
0.051942802586678036 -4.436778546419771 
0.05168438068326173 -4.437129221925556 
0.05142724446095694 -4.437650819769762 
0.051171387523340245 -4.437783706084618 
0.05091680350581119 -4.438285729098672 
0.05066348607543402 -4.4396568094353785 
0.05041142893078012 -4.440060394213113 
0.05016062580177127 -4.442125822343277 
0.04991107044952365 -4.44616259403123 
0.04966275666619269 -4.448227271618226 
0.049415678274818596 -4.451545395499035 
0.04916982912917273 -4.452231723926219 
0.04892520311360471 -4.453365759238594 
0.048681794142890256 -4.45368416870331 
0.04843959616207986 -4.454379792907188 
0.04819860314634812 -4.454397712450837 
0.0479588091008439 -4.455455020323688 
0.0477202080605412 -4.457572736007649 
0.04748279409009074 -4.45940759749481 
0.047246561283672384 -4.460745470332792 
0.047011503764848146 -4.461485298811836 
0.046777615686416064 -4.4632584034033345 
0.04654489123026474 -4.464786268326406 
0.046313324607228604 -4.466819861220784 
0.046082910056943885 -4.46887320775853 
0.04585364184770536 -4.4713980929490225 
0.04562551427632374 -4.471903927637187 
0.04539852166798382 -4.472690268491817 
0.045172658376103306 -4.472813539545945 
0.04494791878219234 -4.472972403245483 
0.044724297295713776 -4.47390514508461 
0.044501788353944055 -4.475257556553959 
0.044280386421834884 -4.476163526890212 
0.044060085991875504 -4.47659228027179 
0.04384088158395573 -4.479565796086025 
0.043622767745229586 -4.479597734033381 
0.043405739049979686 -4.479719687315148 
0.043189790099482275 -4.48277616560614 
0.04297491552187291 -4.483911329368539 
0.04276110997201285 -4.484100642776545 
0.04254836813135607 -4.484119690378862 
0.042336684707816985 -4.4842682063227075 
0.04212605443563879 -4.484988595344585 
0.04191647207526248 -4.485720266322148 
0.0417079324131965 -4.486536566538801 
0.041500430261887065 -4.489560912520573 
0.04129396045958912 -4.4921631945015585 
0.04108851787023793 -4.493895667021489 
0.04088409738332133 -4.494525270857975 
0.040680693913752564 -4.496092026185318 
0.04047830240174385 -4.497044039872054 
0.040276917812680446 -4.497637695195517 
0.04007653513699547 -4.498549910600117 
0.03987714939004524 -4.500192568279807 
0.03967875561198532 -4.50044807291127 
0.03948134886764708 -4.50150286934619 
0.039284924246415005 -4.501764538384934 
0.03908947686210448 -4.501956684247872 
0.03889500185284028 -4.502309727949397 
0.038701494380935605 -4.502378232454082 
0.03850894963277175 -4.502433097842472 
0.03831736281867836 -4.502781775564945 
0.03812672917281429 -4.506672156011092 
0.037937043953049046 -4.507166701484521 
0.03774830244084482 -4.5071817210556295 
0.03756049994113913 -4.5073032403684135 
0.03737363178222799 -4.508121091333335 
0.03718769331564974 -4.508393280676691 
0.03700267991606939 -4.510296192302048 
0.036818586981163574 -4.5105650039447 
0.03663540993150605 -4.510951250781066 
0.03645314421045378 -4.5121121790830845 
0.03627178528403361 -4.512731054235987 
0.036091328640829465 -4.514540464066725 
0.035911769791870114 -4.5151860670441 
0.03573310427051753 -4.515460865860734 
0.03555532763235575 -4.51657902856606 
0.03537843545508035 -4.5185468223690135 
0.03520242333838841 -4.5188978609004735 
0.03502728690386907 -4.51904137893841 
0.03485302179489459 -4.519617543268305 
0.034679623676512034 -4.520276905804397 
0.034507088235335354 -4.520551761863312 
0.03433541117943817 -4.520577546703166 
0.03416458823824693 -4.5218964466579274 
0.03399461516243476 -4.5224820094550005 
0.03382548772381568 -4.522831770761717 
0.03365720171523948 -4.523758336581691 
0.03348975295048705 -4.5239187105139615 
0.03332313726416622 -4.5249868394829695 
0.03315735051160818 -4.525497542539743 
0.03299238856876436 -4.525585778104382 
0.03282824733210384 -4.526161416430127 
0.032664922718511284 -4.526533368429687 
0.03250241066518536 -4.527202664927137 
0.03234070712953767 -4.528959968037495 
0.03217980808909221 -4.529564234325612 
0.032019709541385284 -4.529681178367121 
0.031860407503865956 -4.5298731796317355 
0.03170189801379697 -4.532430736671929 
0.031544177128156194 -4.5349093974117025 
0.0313872409235385 -4.536130008376083 
0.03123108549605821 -4.536992143581116 
0.03107570696125195 -4.538886883897175 
0.030921101453982042 -4.540848453756471 
0.03076726512834034 -4.541797687645742 
0.03061419415755258 -4.542116641385986 
0.030461884733883164 -4.542939031685817 
0.030310333068540463 -4.545183154787067 
0.03015953539158255 -4.547040191860475 
0.030009487951823434 -4.549582401628569 
0.029860187016739734 -4.550749933854632 
0.029711628872377847 -4.552397024570317 
0.02956380982326154 -4.554157333875685 
0.02941672619230004 -4.554489603488825 
0.029270374320696558 -4.555370467066955 
0.029124750567857273 -4.555816913594396 
0.02897985131130077 -4.555987039848321 
0.02883567294656793 -4.557212379301371 
0.02869221188713227 -4.557586646355917 
0.028549464564310716 -4.557822860296355 
0.028407427427174843 -4.558214143047534 
0.028266096942462533 -4.560266752594102 
0.028125469594490082 -4.560423466235256 
0.027985541885064757 -4.560498138634348 
0.02784631033339777 -4.561510533649897 
0.027707771476017683 -4.561869146869541 
0.02756992186668426 -4.56212307640653 
0.027432758076302747 -4.563763775539251 
0.027296276692838555 -4.56532576310108 
0.027160474321232395 -4.565448260571467 
0.027025347583315817 -4.565984011407617 
0.02689089311772718 -4.566351100800017 
0.026757107579828042 -4.566746944417899 
0.026623987641619943 -4.56800160784983 
0.026491529991661635 -4.568205965078061 
0.026359731334986702 -4.568668563359009 
0.026228588393021595 -4.569256228966827 
0.026098097903504074 -4.570185986052325 
0.025968256620402065 -4.571532877358058 
0.0258390613138329 -4.572838027894427 
0.025710508769982987 -4.573260700297878 
0.025582595791027847 -4.573626763131087 
0.025455319195052586 -4.57465728809082 
0.025328675815972722 -4.574872996850709 
0.025202662503455445 -4.575475266575042 
0.02507727612284124 -4.57596498262151 
0.024952513555065912 -4.575966729880547 
0.024828371696582998 -4.576965852777726 
0.024704847459286566 -4.57707603597222 
0.024581937770434395 -4.578677287248914 
0.024459639572571537 -4.579225374649223 
0.024337949823454264 -4.580506205403559 
0.024216865495974394 -4.581298998411863 
0.024096383578083976 -4.582139533210034 
0.023976501072720372 -4.582207780531243 
0.023857214997731715 -4.583347731616479 
0.023738522385802704 -4.583730357626437 
0.0236204202843808 -4.584292958291754 
0.023502905755602786 -4.585228081968504 
0.02338597587622168 -4.585432357561213 
0.023269627737534007 -4.585915213971615 
0.02315385844530747 -4.587191313939531 
0.023038665119708927 -4.588344885725624 
0.022924044895232764 -4.590153416502925 
0.022809994920629618 -4.5911351096711615 
0.02269651235883544 -4.592027260386042 
0.022583594386900937 -4.5921393603927205 
0.02247123819592133 -4.592187775808245 
0.022359440990966498 -4.5929636974879555 
0.02224819999101144 -4.593050519296484 
0.022137512428867107 -4.593054751643206 
0.022027375551111547 -4.594960487450902 
0.02191778661802144 -4.5955475497984395 
0.021808742903503923 -4.597709638035528 
0.02170024169502878 -4.600102037650251 
0.021592280293560976 -4.602037055858906 
0.02148485601349351 -4.602167851481361 
0.021377966182580605 -4.602222705478281 
0.02127160814187125 -4.6044002141686065 
0.021165779245643036 -4.605729196360481 
0.021060476861336355 -4.607358109436376 
0.02095569836948891 -4.607447953612066 
0.020851441163670558 -4.608219546687741 
0.020747702650418465 -4.6083786694200075 
0.020644480249172602 -4.608583851513529 
0.020541771392211545 -4.611434337476281 
0.020439573524588604 -4.611467853948883 
0.02033788410406826 -4.612235433986085 
0.02023670060106295 -4.6137275035169045 
0.0201360204985701 -4.61414155704822 
0.02003584129210955 -4.6145270009298835 
0.019936160489661243 -4.614755103597248 
0.01983697561160323 -4.61636395162586 
0.01973828419064998 -4.617707251074082 
0.019640083771791026 -4.617749057068859 
0.019542371912229874 -4.619983229703863 
0.01944514618132326 -4.620431010553016 
0.01934840416052066 -4.621022659638377 
0.019252143443304136 -4.621634983800607 
0.019156361635128495 -4.623852789269983 
0.019061056353361687 -4.624217827958495 
0.01896622522722556 -4.625006184588348 
0.018871865897736876 -4.62545473718169 
0.018777976017648634 -4.626025368963325 
0.018684553251391674 -4.626528819996265 
0.018591595275016592 -4.628934776140075 
0.018499099776135914 -4.629238228602796 
0.01840706445386658 -4.629473770159262 
0.018315487018772718 -4.629861860009091 
0.018224365192808675 -4.630543755047509 
0.018133696709262362 -4.631600278641199 
0.018043479312698868 -4.632154600423199 
0.017953710758904347 -4.63244922696622 
0.017864388814830198 -4.633105241448115 
0.01777551125853751 -4.633137999906012 
0.0176870758791418 -4.6332397043300215 
0.01759908047675801 -4.634717584037655 
0.017511522862445783 -4.634751925774316 
0.01742440085815501 -4.6352634232900005 
0.01733771229667165 -4.637390361475147 
0.017251455021563833 -4.637717998735549 
0.01716562688712819 -4.6381007511272 
0.01708022575833651 -4.638215092228691 
0.016995249510782597 -4.638833535686074 
0.01691069603062945 -4.638980091233281 
0.016826563214556667 -4.639853315327204 
0.016742848969708127 -4.640915882402046 
0.016659551213639927 -4.6425022198083195 
0.016576667874268584 -4.643583724855434 
0.016494196889819488 -4.644019651984148 
0.01641213620877561 -4.644214095481334 
0.01633048378982648 -4.6455194190266385 
0.01624923760181739 -4.645803424673149 
0.016168395623698897 -4.645936090265485 
0.016087955844476514 -4.646393210222552 
0.016007916263160712 -4.646807350494122 
0.015928274888717127 -4.647946540158419 
0.01584902974001704 -4.6479513235417125 
0.015770178845788102 -4.648999208246213 
0.015691720244565277 -4.649936559862486 
0.015613651984642067 -4.65010516588142 
0.015535972124021956 -4.650535453851246 
0.015458678730370106 -4.65065896870036 
0.01538176988096528 -4.651420269987253 
0.015305243662652021 -4.651483155021975 
0.015229098171793055 -4.6542249792238835 
0.015153331514221947 -4.655446338618827 
0.015077941805195966 -4.655626420619368 
0.015002927169349221 -4.656391843071799 
0.014928285740645992 -4.656984932501121 
0.01485401566233432 -4.65716285446353 
0.01478011508689982 -4.657290278309891 
0.014706582176019722 -4.660787051626012 
0.014633415100517138 -4.66269416398912 
0.01456061204031556 -4.663621499975936 
0.014488171184393593 -4.664654006309947 
0.014416090730739893 -4.666545567586002 
0.014344368886308353 -4.667186052386518 
0.014273003866973485 -4.66785615759314 
0.014201993897486056 -4.668148701969407 
0.014131337211428912 -4.66815436140439 
0.014061032051173046 -4.668340035683338 
0.013991076667833877 -4.668690049405415 
0.013921469321227738 -4.670358213927096 
0.013852208279828596 -4.671534396967197 
0.013783291820724972 -4.674283550620651 
0.013714718229577086 -4.674498262044759 
0.013646485800574216 -4.674964322299095 
0.013578592836392255 -4.675043189495076 
0.013511037648151498 -4.675294891261095 
0.013443818555374625 -4.676505376829065 
0.0133769338859449 -4.67741545199632 
0.013310381976064578 -4.677627150001824 
0.01324416117021351 -4.677735492867838 
0.013178269821107971 -4.6788606695015815 
0.013112706289659673 -4.680261624016624 
0.013047468944934998 -4.6805535438014 
0.012982556164114426 -4.680726141324617 
0.012917966332452166 -4.6820694089529535 
0.012853697843235985 -4.68393339744076 
0.01278974909774725 -4.68487091056942 
0.012726118505221144 -4.685403174123088 
0.01266280448280711 -4.686898672951043 
0.012599805455529462 -4.686949183822692 
0.012537119856248221 -4.687417455922927 
0.012474746125620122 -4.68764232669979 
0.012412682712059822 -4.688206586310643 
0.012350928071701316 -4.688574040708922 
0.012289480668359519 -4.6892118849543785 
0.01222833897349206 -4.689534122189335 
0.012167501466161253 -4.689807787451214 
0.012106966632996272 -4.691179519105113 
0.012046732968155494 -4.691863140304965 
0.01198679897328905 -4.692186372831197 
0.011927163157501542 -4.69243982671394 
0.011867824037314968 -4.69304233417194 
0.011808780136631808 -4.6937557399959395 
0.011750029986698317 -4.694302037763083 
0.011691572126067978 -4.69482593534348 
0.011633405100565153 -4.695707707004886 
0.011575527463248908 -4.696389072115313 
0.011517937774377023 -4.696718433963568 
0.011460634601370173 -4.698303172778825 
0.011403616518776291 -4.699896186484622 
0.011346882108235116 -4.700656870262294 
0.011290429958442903 -4.702467696713299 
0.011234258665117316 -4.703095610552035 
0.011178366830962504 -4.70318713059988 
0.011122753065634332 -4.703763741108235 
0.011067415985705802 -4.703820900432219 
0.01101235421463264 -4.704767999119537 
0.010957566382719046 -4.7060646050070485 
0.010903051127083627 -4.706214763144778 
0.0108488070916255 -4.707509091825015 
0.010794832926990548 -4.707565209469582 
0.010741127290537859 -4.708652584250329 
0.010687688846306328 -4.708796729810583 
0.01063451626498142 -4.709436342791252 
0.01058160822386211 -4.710872445652495 
0.010528963406827971 -4.711168949140931 
0.010476580504306438 -4.712215527972212 
0.010424458213240237 -4.714052902617957 
0.010372595237054963 -4.7141447789086035 
0.010320990285626828 -4.714722147643735 
0.010269642075250576 -4.7156860040244455 
0.010218549328607539 -4.716065107566838 
0.010167710774733869 -4.7163029113002715 
0.010117125148988925 -4.716870219228506 
0.010066791193023807 -4.717163562212401 
0.010016707654750056 -4.717501676257012 
0.009966873288308514 -4.718025067431509 
0.009917286854038324 -4.718181853006048 
0.009867947118446092 -4.718444602399301 
0.009818852854175216 -4.718469244369912 
0.009770002839975341 -4.720746184789741 
0.00972139586067198 -4.721859562330074 
0.0096730307071363 -4.72301809013521 
0.009624906176255024 -4.723332425568742 
0.009577021070900521 -4.723737369846376 
0.009529374199901018 -4.723897592849829 
0.009481964378010962 -4.724560514159173 
0.009434790425881554 -4.724830400871424 
0.009387851170031398 -4.724850674355981 
0.009341145442817311 -4.725156002921929 
0.009294672082405286 -4.725196489284574 
0.009248429932741577 -4.725385860157475 
0.009202417843523958 -4.725800127658691 
0.009156634670173093 -4.72619470801542 
0.009111079273804073 -4.727334397620769 
0.009065750521198082 -4.727493068198429 
0.009020647284774213 -4.729282315786485 
0.008975768442561404 -4.729910479873703 
0.008931112878170552 -4.730028989211551 
0.00888667948076672 -4.730552550534929 
0.008842467145041511 -4.730571619802648 
0.008798474771185585 -4.730920993241558 
0.008754701264861277 -4.731137551225424 
0.008711145537175401 -4.732962651525342 
0.00866780650465214 -4.733264078633004 
0.00862468308920611 -4.733899457246869 
0.008581774218115533 -4.734592540825674 
0.008539078823995554 -4.7350259330997275 
0.008496595844771696 -4.736127196731478 
0.00845432422365343 -4.736343703765743 
0.00841226290910789 -4.737158245047826 
0.008370410854833723 -4.738247284343637 
0.008328767019735048 -4.7391477068359595 
0.008287330367895569 -4.740949501714177 
0.008246099868552806 -4.741180737786304 
0.008205074496072443 -4.741207960740895 
0.008164253229922829 -4.742238341154251 
0.008123635054649582 -4.743182289820399 
0.00808321895985033 -4.743480609247519 
0.008043003940149583 -4.744645578489928 
0.008002988995173715 -4.745236027482713 
0.007963173129526085 -4.745373188086706 
0.007923555352762273 -4.746637518654665 
0.007884134679365445 -4.74942027928908 
0.007844910128721837 -4.750699660056678 
0.007805880725096356 -4.751060471071352 
0.007767045497608314 -4.7519315778726625 
0.007728403480207278 -4.752112138925174 
0.0076899537116490325 -4.752574214716054 
0.007651695235471674 -4.753799502848567 
0.007613627099971816 -4.754480549588836 
0.007575748358180911 -4.754657725102015 
0.007538058067841703 -4.755350252874649 
0.007500555291384779 -4.758789760931682 
0.007463239095905253 -4.759841640063785 
0.007426108553139556 -4.761120498240163 
0.007389162739442344 -4.761403324954571 
0.007352400735763527 -4.7617443624335465 
0.0073158216276254 -4.762613968103137 
0.0072794245050999 -4.764136868147324 
0.00724320846278597 -4.764361770693813 
0.0072071725997870355 -4.766388457657461 
0.007171316019688592 -4.768269475934911 
0.007135637830535914 -4.7684873079138095 
0.007100137144811855 -4.768587250058842 
0.007064813079414781 -4.768714722556565 
0.007029664755636597 -4.769973086179477 
0.006994691299140893 -4.77014832514244 
0.006959891839941188 -4.770638608307446 
0.006925265512379292 -4.7728268237773355 
0.0068908114551037725 -4.773361554818252 
0.00685652881104853 -4.773650393470914 
0.006822416727411473 -4.775052317850443 
0.006788474355633307 -4.775111717526055 
0.006754700851376425 -4.7754990756987254 
0.006721095374503905 -4.775499134672362 
0.0066876570890586125 -4.7756419706878575 
0.0066543851632424 -4.775647241907101 
0.006621278769395424 -4.776179658064208 
0.006588337083975546 -4.776707498062961 
0.006555559287537857 -4.778032307488006 
0.006522944564714285 -4.778080150169208 
0.006490492104193319 -4.778118059220605 
0.00645820109869982 -4.778368923800665 
0.006426070744974945 -4.78016978570828 
0.006394100243756164 -4.780505520936076 
0.006362288799757378 -4.780748469222021 
0.006330635621649133 -4.780847728655027 
0.006299139922038938 -4.780933017732126 
0.006267800917451679 -4.782883918806324 
0.0062366178283101295 -4.786295450590612 
0.0062055898789155515 -4.787451424596551 
0.006174716297428409 -4.791156840477396 
0.006143996315849164 -4.792550304016596 
0.0061134291699991685 -4.792853657041169 
0.00608301409950166 -4.793364356838789 
0.006052750347762846 -4.793396380104133 
0.006022637161953081 -4.7938857191968145 
0.00599267379298814 -4.796023438430884 
0.0059628594955105875 -4.796578884909604 
0.005933193527871232 -4.7985519093187605 
0.005903675152110678 -4.798554868343367 
0.0058743036339409735 -4.800028359049178 
0.005845078242727337 -4.801061333904832 
0.005815998251469987 -4.801488770472205 
0.005787062936786057 -4.802819251335625 
0.005758271578891599 -4.803785487369565 
0.005729623461583681 -4.803859147132785 
0.005701117872222568 -4.80443350682069 
0.005672754101713998 -4.804953455188473 
0.00564453144449154 -4.8051391799487115 
0.005616449198499045 -4.805570983205917 
0.00558850666517318 -4.806226415595241 
0.00556070314942605 -4.806304819343118 
0.00553303795962791 -4.806819135941485 
0.005505510407589961 -4.807356297538995 
0.005478119808547225 -4.807514609776073 
0.005450865481141517 -4.8075881913437595 
0.005423746747404494 -4.808549939951453 
0.005396762932740791 -4.808646103929267 
0.005369913365911235 -4.8086903487855785 
0.0053431973790161544 -4.809320394458728 
0.00531661430747876 -4.810611715452325 
0.005290163490028617 -4.811473072976342 
0.0052638442686851914 -4.814144672651129 
0.0052376559887414844 -4.8142192602292955 
0.005211597998747746 -4.815019754186994 
0.005185669650495269 -4.815857671407071 
0.0051598702990002685 -4.816192766730217 
0.005134199302487829 -4.816250214349914 
0.00510865602237595 -4.816903787501631 
0.005083239823259651 -4.817061134465994 
0.005057950072895175 -4.817755675620095 
0.005032786142184255 -4.819089245023945 
0.005007747405158462 -4.81991869113214 
0.004982833238963644 -4.82044900028966 
0.004958043023844423 -4.820986060254075 
0.0049333761431287785 -4.821557283554227 
0.004908831983212715 -4.823976530665205 
0.004884409933544991 -4.824316846000907 
0.0048601093866119304 -4.8259520791021675 
0.004835929737922319 -4.826518580293999 
0.004811870385992357 -4.831351455048005 
0.004787930732330704 -4.831837303711984 
0.0047641101814235864 -4.832677982283494 
0.004740408140719987 -4.832777288841199 
0.004716824020616902 -4.833715628289316 
0.0046933572344446785 -4.8339246703906245 
0.004670007198452417 -4.835072299950262 
0.004646773331793449 -4.836541415877811 
0.004623655056510895 -4.836784673354379 
0.004600651797523279 -4.837087825734471 
0.0045777629826102275 -4.837090544532885 
0.004554988042398237 -4.839082730122858 
0.004532326410346505 -4.839810989496761 
0.00450977752273284 -4.839846948524871 
0.0044873408186396424 -4.84146107908716 
0.004465015739939943 -4.842242658415384 
0.004442801731283525 -4.842708098449852 
0.0044206982400831095 -4.844006250358851 
0.004398704716500607 -4.846162610399089 
0.0043768206134334395 -4.846894585113492 
0.004355045386500935 -4.847852703542566 
0.004333378494030781 -4.8507172217977965 
0.004311819397045553 -4.850821689473854 
0.004290367559249307 -4.85142555721889 
0.004269022447014236 -4.851727676863677 
0.0042477835293673995 -4.852405011700414 
0.004226650277977512 -4.852658493695463 
0.004205622167141803 -4.852714542758949 
0.004184698673772938 -4.854276666773732 
0.004163879277386008 -4.8580913247522215 
0.004143163460085581 -4.858305639411677 
0.004122550706552816 -4.858605689029437 
0.004102040504032654 -4.858723624824589 
0.004081632342321048 -4.859000238954778 
0.004061325713752287 -4.85922087304581 
0.004041120113186355 -4.860325625365244 
0.004021015037996374 -4.861189980833665 
0.004001009988056093 -4.862092608652814 
0.003981104465727456 -4.8635208165779025 
0.003961297975848215 -4.863858262574081 
0.0039415900257196166 -4.864975816233919 
0.003921980125094146 -4.8693350007921135 
0.0039024677861633295 -4.87033632446708 
0.0038830525235456015 -4.870869109890074 
0.0038637338542742306 -4.871392182504047 
0.0038445112977853043 -4.87154871738307 
0.0038253843759057755 -4.87190760644796 
0.0038063526128415677 -4.871961688646904 
0.003787415535165739 -4.873506176388798 
0.0037685726718067057 -4.8761750371259485 
0.003749823554036523 -4.876502178065461 
0.003731167715459227 -4.877031326363175 
0.003712604691999231 -4.878020828838533 
0.003694134021889782 -4.878342868307296 
0.003675755245661475 -4.878789111409467 
0.0036574679061308207 -4.880485688119858 
0.0036392715483888763 -4.881103328768675 
0.003621165719789927 -4.883547362192632 
0.0036031499699402257 -4.883554796428532 
0.003585223850686792 -4.8839741259090825 
0.003567386916106261 -4.884017431387393 
0.0035496387224937917 -4.884335437471716 
0.003531978828352032 -4.8844024586984505 
0.0035144067943801314 -4.885876260454067 
0.0034969221834628174 -4.886159289985248 
0.0034795245606595196 -4.886214648452863 
0.003462213493193552 -4.88915368585734 
0.0034449885504413452 -4.889426051557975 
0.003427849303921737 -4.891124900438525 
0.0034107953272853103 -4.892018415841163 
0.0033938261963037913 -4.893365017787515 
0.003376941488859494 -4.8942646427781 
0.00336014078493482 -4.89458207906807 
0.003343423666601811 -4.897104920853195 
0.003326789718011752 -4.897471252603562 
0.003310238525384828 -4.897985333849493 
0.0032937696769998292 -4.8987702790020515 
0.00327738276318391 -4.900421255294467 
0.003261077376302398 -4.901041177658364 
0.003244853110748655 -4.902341038138761 
0.0032287095629339848 -4.904302166117654 
0.003212646331277597 -4.9043257590586204 
0.0031966630161966137 -4.904689645584024 
0.003180759220096133 -4.9054828313468475 
0.0031649345473593366 -4.9054848898830326 
0.0031491886043376483 -4.907244194426274 
0.003133520999340944 -4.907982249526452 
0.003117931342627805 -4.908022468385331 
0.003102419246395826 -4.908329161959275 
0.003086984324771966 -4.909485943166781 
0.0030716261938029516 -4.911263118577655 
0.003056344471445723 -4.911350062895517 
0.003041138777557933 -4.911939399260978 
0.003026008733888491 -4.914821590297828 
0.00301095396406815 -4.916329942834615 
0.0029959740936001495 -4.9165574339375215 
0.0029810687498508953 -4.91662705587196 
0.002966237562040692 -4.917545205879153 
0.002951480161234519 -4.922050274833107 
0.002936796180332855 -4.922676646488272 
0.002922185254062542 -4.92578320054923 
0.002907647018967704 -4.926004682234372 
0.0028931811134007006 -4.927144611065851 
0.0028787871775131347 -4.927402677866368 
0.0028644648532469004 -4.927415466329924 
0.0028502137843252743 -4.9275636578660365 
0.002836033616244054 -4.928015321637714 
0.0028219239962627403 -4.928092961704034 
0.0028078845733957615 -4.928198824587695 
0.0027939149984037427 -4.928676148278551 
0.002780014923784819 -4.930456769515606 
0.002766184003765989 -4.932269661619931 
0.0027524218942945166 -4.9337854297586325 
0.0027387282530293698 -4.934001753699147 
0.0027251027393327062 -4.934955284816432 
0.0027115450142613995 -4.935301630841107 
0.0026980547405586063 -4.9358495456721005 
0.0026846315826453792 -4.9359637519657635 
0.002671275206612318 -4.9375756989363335 
0.0026579852802112616 -4.937765910493674 
0.0026447614728470265 -4.939144901166145 
0.0026316034555691806 -4.939695434275943 
0.0026185109010638617 -4.940006563037397 
0.0026054834836456335 -4.941148049515769 
0.0025925208792493865 -4.942774460869596 
0.002579622765422275 -4.943971068556371 
0.002566788821315697 -4.944822008764312 
0.0025540187276773102 -4.94500114183211 
0.002541312166843095 -4.945604859977707 
0.0025286688227294475 -4.946030128952544 
0.002516088380825321 -4.947259040844662 
0.002503570528184399 -4.948214223201651 
0.0024911149534173125 -4.950662702348803 
0.002478721346683893 -4.9510792778033474 
0.002466389399685466 -4.95151338840581 
0.0024541188056571802 -4.952154333508097 
0.002441909259360378 -4.952482229571632 
0.0024297604570750033 -4.953651266098952 
0.002417672096592043 -4.95389756150764 
0.0024056438772060134 -4.955241348838776 
0.002393675499707476 -4.955621286910116 
0.002381766666375598 -4.956561925826992 
0.0023699170809707445 -4.956913151375578 
0.0023581264487271087 -4.957133957609547 
0.002346394476345382 -4.957341208726855 
0.0023347208719854545 -4.957718234364811 
0.002323105345259159 -4.957850691032676 
0.0023115476072230437 -4.9592759705434455 
0.002300047370371188 -4.959669367981439 
0.002288604348628048 -4.959934365849444 
0.002277218257341341 -4.960750071062303 
0.0022658888132749662 -4.960955034683723 
0.0022546157346019567 -4.96386842014899 
0.0022433987408974694 -4.9658188465637805 
0.00223223755313181 -4.966618596832214 
0.002221131893663493 -4.968815352926664 
0.0022100814862323313 -4.96915394428505 
0.0021990860559525684 -4.970610565782281 
0.0021881453293060384 -4.970795957192134 
0.0021772590341353616 -4.97257086088073 
0.002166426899637176 -4.974613869807761 
0.002155648656355399 -4.97494971868444 
0.0021449240361745264 -4.975480901995224 
0.0021342527723129615 -4.97583459353729 
0.0021236345993163796 -4.9762303438158195 
0.002113069253051124 -4.976656564750494 
0.002102556470697636 -4.976907182799163 
0.0020920959907439166 -4.977694614272999 
0.002081687552979021 -4.9802281452567545 
0.002071330898486588 -4.980933921720531 
0.0020610257696383966 -4.981060545273937 
0.0020507719100879567 -4.982031557366106 
0.0020405690647641362 -4.982036303968996 
0.0020304169798648123 -4.982091469538478 
0.0020203154028505593 -4.98295014248555 
0.0020102640824383677 -4.985356256123497 
0.0020002627685953905 -4.986827103935399 
0.001990311212532727 -4.9873743361103084 
0.001980409166699231 -4.988635859959781 
0.0019705563847753544 -4.989865445456528 
0.001960752621667019 -4.989980442458723 
0.0019509976334995216 -4.9900609624685055 
0.0019412911776114643 -4.991111562803886 
0.0019316330125487208 -4.9912529148472 
0.0019220228980584286 -4.991592876079195 
0.0019124605950830136 -4.9926151635969696 
0.0019029458657542425 -4.993206583195121 
0.001893478473387306 -4.99456217688748 
0.0018840581824749313 -4.995529113793422 
0.0018746847586815238 -4.997161854906319 
0.0018653579688373372 -4.99791957499705 
0.0018560775809326737 -5.001850872750679 
0.0018468433641121132 -5.002008917109908 
0.0018376550886687695 -5.002302925326924 
0.0018285125260385766 -5.004253374889582 
0.0018194154487946037 -5.004658969962584 
0.0018103636306413967 -5.004967918514643 
0.00180135684640935 -5.005588896259589 
0.0017923948720491045 -5.005763233024494 
0.0017834774846259747 -5.006903309848988 
0.0017746044623144026 -5.006981605764808 
0.0017657755843924405 -5.00832900789763 
0.0017569906312362594 -5.008739647499824 
0.0017482493843146859 -5.009121007934614 
0.0017395516261837672 -5.010500733754607 
0.0017308971404813604 -5.011114358943629 
0.0017222857119217516 -5.011413440207102 
0.0017137171262903003 -5.013502039749441 
0.0017051911704381096 -5.015544129959375 
0.0016967076322767262 -5.016016046020147 
0.0016882663007728618 -5.017139991156409 
0.0016798669659431461 -5.019272319436379 
0.0016715094188489016 -5.019276246157672 
0.001663193451590947 -5.019846148191172 
0.001654918857304425 -5.020163472805464 
0.0016466854301536566 -5.021429510178568 
0.0016384929653270215 -5.022102150457771 
0.0016303412590318624 -5.022151377175152 
0.0016222301084894153 -5.022152666296266 
0.0016141593119297665 -5.022179607738459 
0.0016061286685868322 -5.025638288180966 
0.0015981379786933656 -5.025938232820173 
0.0015901870434759857 -5.02622132883311 
0.0015822756651502345 -5.026430663637578 
0.0015744036469156563 -5.027792662453337 
0.0015665707929509018 -5.028292081596429 
0.0015587769084088575 -5.029487864714696 
0.0015510217994117986 -5.032624749375939 
0.0015433052730465659 -5.0347890933674515 
0.001535627137359767 -5.035468117782429 
0.001527987201353002 -5.036326019634347 
0.0015203852749781114 -5.03665154532217 
0.0015128211691324493 -5.037031347499088 
0.0015052946956541785 -5.0399148648496865 
0.0014978056673175906 -5.039989208277765 
0.0014903538978284483 -5.04038457585738 
0.0014829392018193516 -5.040771204914076 
0.001475561394845126 -5.042604658199956 
0.0014682202933782348 -5.043546209855929 
0.0014609157148042138 -5.044619310864158 
0.0014536474774171282 -5.046656547072249 
0.001446415400415053 -5.046827596319151 
0.0014392193038955752 -5.047539757213176 
0.0014320590088513186 -5.048164748554641 
0.0014249343371654912 -5.049093829640438 
0.0014178451116074538 -5.049390274131392 
0.0014107911558283123 -5.049837640975459 
0.0014037722943565298 -5.051216876797684 
0.001396788352593562 -5.05171420521174 
0.0013898391568095145 -5.053012780550501 
0.0013829245341388204 -5.053247428780007 
0.0013760443125759407 -5.053431344513726 
0.0013691983209710853 -5.054235884875629 
0.0013623863890259555 -5.055706986912476 
0.001355608347289508 -5.058815801051697 
0.0013488640271537393 -5.058873944254535 
0.001342153260849492 -5.058942754508969 
0.0013354758814422805 -5.0598792952950875 
0.00132883172282814 -5.060099019208518 
0.0013222206197294924 -5.060771684031562 
0.0013156424076910373 -5.0609593497125775 
0.0013090969230756591 -5.06201330732361 
0.0013025840030603574 -5.064559971235512 
0.0012961034856321964 -5.064883025369147 
0.001289655209584275 -5.065056110840163 
0.0012832390145117165 -5.065557323643756 
0.001276854740807678 -5.065923419511194 
0.001270502229659381 -5.067425023865157 
0.0012641813230441605 -5.067701578870033 
0.0012578918637255328 -5.0685187121888635 
0.0012516336952492864 -5.068747951549058 
0.0012454066619395885 -5.070150903504715 
0.0012392106088951129 -5.070862883704672 
0.001233045381985187 -5.073314495955156 
0.0012269108278459573 -5.073395538657256 
0.0012208067938765743 -5.073515290552677 
0.0012147331282353975 -5.075478682322523 
0.0012086896798362164 -5.076254940527592 
0.001202676298344494 -5.076921445284259 
0.0011966928341736259 -5.077457930154314 
0.0011907391384812199 -5.077595238344753 
0.001184815063165393 -5.078421103580175 
0.0011789204608610875 -5.078561655451434 
0.0011730551849364055 -5.079511908576569 
0.0011672190894889607 -5.079613294398083 
0.0011614120293422495 -5.083175508424652 
0.0011556338600420392 -5.083240469707857 
0.0011498844378527754 -5.083685100986212 
0.0011441636197540054 -5.0839081242889055 
0.0011384712634368212 -5.084269417566573 
0.0011328072273003198 -5.0843954631271835 
0.0011271713704480795 -5.0844353141221745 
0.0011215635526846562 -5.084871941814353 
0.0011159836345120957 -5.088522489814344 
0.0011104314771264634 -5.091331760875668 
0.0011049069424143914 -5.092548036958163 
0.0010994098929496432 -5.092971484728772 
0.0010939401919896948 -5.093502887241163 
0.0010884977034723332 -5.0939945682358525 
0.0010830822920122718 -5.096708133398921 
0.001077693822897783 -5.096839245690606 
0.0010723321620873462 -5.097940289038183 
0.0010669971762063148 -5.099004470328615 
0.0010616887325435968 -5.099155423114709 
0.001056406699048355 -5.099684075640231 
0.0010511509443267215 -5.099930851584682 
0.001045921337638529 -5.100006675069077 
0.0010407177488940586 -5.1012542440415425 
0.0010355400486508045 -5.101335452142612 
0.0010303881081102533 -5.103882304777295 
0.00102526179911468 -5.10483131663336 
0.00102016099414396 -5.10863849918423 
0.0010150855663123982 -5.109742586187028 
0.0010100353893655704 -5.111111883533734 
0.0010050103376771844 -5.1118207548298615 
0.0010000102862459546 -5.1125814141738095 
0.0009950351106924923 -5.112690711049367 
0.0009900846872562112 -5.113437324137688 
0.00098515889279225 -5.114010247818503 
0.0009802576047684079 -5.114025586427123 
0.0009753807012620975 -5.115345918268982 
0.0009705280609573109 -5.118591774008679 
0.000965699563141603 -5.119364758996392 
0.0009608950877030875 -5.1196000130376484 
0.0009561145151274503 -5.120841127274251 
0.0009513577264949755 -5.122135225925362 
0.0009466246034775875 -5.122296763066834 
0.000941915028335908 -5.122530756860105 
0.0009372288839163264 -5.123264306057245 
0.000932566053648086 -5.124169098227833 
0.0009279264215403841 -5.1242548507148635 
0.0009233098721794867 -5.124402365102086 
0.0009187162907258574 -5.124699408563777 
0.000914145562911301 -5.125174853251976 
0.0009095975750361203 -5.125185763597009 
0.000905072213966289 -5.125819185101021 
0.0009005693671306358 -5.126546861217017 
0.0008960889225180456 -5.128049321853379 
0.0008916307686746722 -5.129393752387439 
0.0008871947947011664 -5.130397392638687 
0.0008827808902499169 -5.130462720484162 
0.0008783889455223053 -5.133540015868495 
0.0008740188512659755 -5.136052691337923 
0.000869670498772115 -5.137307997868123 
0.0008653437798727512 -5.1376202002579285 
0.0008610385869380609 -5.138353421451533 
0.0008567548128736924 -5.1387850764255525 
0.000852492351118102 -5.139050851328791 
0.0008482510956399025 -5.141587537552748 
0.0008440309409352264 -5.142945036126057 
0.0008398317820251009 -5.143130392493526 
0.0008356535144528368 -5.146702652198158 
0.0008314960342814296 -5.148673240481571 
0.0008273592380909747 -5.150244138818462 
0.0008232430229760943 -5.1516051353074115 
0.0008191472865433775 -5.152558286839762 
0.0008150719269088333 -5.154100425562795 
0.0008110168426953565 -5.154743070520895 
0.0008069819330302055 -5.155013635114017 
0.0008029670975424931 -5.155910586074981 
0.0007989722363606896 -5.157968798316347 
0.000794997250110139 -5.158751319107811 
0.0007910420399105861 -5.1614300930705435 
0.0007871065073737175 -5.161660516482908 
0.0007831905546007139 -5.161715653076577 
0.0007792940841798148 -5.161843366388019 
0.0007754169991838954 -5.162072068530378 
0.0007715592031680552 -5.1622553460197205 
0.000767720600167219 -5.163616915686807 
0.0007639010946937503 -5.164643892090985 
0.000760100591735075 -5.166581493994065 
0.0007563189967513184 -5.169901823682528 
0.0007525562156729537 -5.171517056440853 
0.0007488121548984614 -5.171541514069655 
0.0007450867212920013 -5.172767106798379 
0.0007413798221810959 -5.173100583727269 
0.0007376913653543243 -5.1733861248410005 
0.0007340212590590292 -5.1742114979304485 
0.000730369411999034 -5.175734925786343 
0.0007267357333323722 -5.176200990951469 
0.0007231201326690271 -5.176258627587092 
0.0007195225200686836 -5.177005599315794 
0.0007159428060384913 -5.177850236954643 
0.000712380901530837 -5.178343921679266 
0.0007088367179411314 -5.178957826087161 
0.0007053101671056035 -5.179096653986439 
0.0007018011612991079 -5.179645664244956 
0.0006983096132329432 -5.179720541507264 
0.0006948354360526798 -5.180907267963925 
0.0006913785433359999 -5.180965785957648 
0.0006879388490905471 -5.181725855709313 
0.0006845162677517882 -5.18196600181378 
0.0006811107141808838 -5.182494651113572 
0.0006777221036625709 -5.183957030111594 
0.0006743503519030556 -5.184754320211997 
0.0006709953750279161 -5.184850997228198 
0.000667657089580016 -5.185531242217556 
0.0006643354125174289 -5.186652092172052 
0.000661030261211372 -5.186690645941641 
0.0006577415534441513 -5.187023212154503 
0.0006544692074071158 -5.187235862720546 
0.0006512131416986227 -5.1875450006363675 
0.0006479732753220126 -5.188032171175366 
0.0006447495276835946 -5.188216212090565 
0.0006415418185906415 -5.1885635374234385 
0.0006383500682493945 -5.188978697500122 
0.0006351741972630791 -5.1890888970742495 
0.0006320141266299295 -5.189186982156147 
0.0006288697777412234 -5.189557684988308 
0.0006257410723793268 -5.191562909820085 
0.000622627932715748 -5.191644994040412 
0.000619530281309202 -5.192526000825428 
0.0006164480411036836 -5.193190860195167 
0.0006133811354265509 -5.193687763636132 
0.0006103294879866179 -5.194435854675727 
0.0006072930228722566 -5.194905004123619 
0.000604271664549509 -5.195229960067373 
0.000601265337860208 -5.195324882597834 
0.0005982739680201075 -5.19616688371776 
0.0005952974806170224 -5.196699968481533 
0.0005923358016089775 -5.19924427025196 
0.0005893888573223657 -5.199735400126158 
0.0005864565744501151 -5.200862708000049 
0.0005835388800498659 -5.200875077203883 
0.000580635701542155 -5.2011392674304675 
0.000577746966708612 -5.201647785629693 
0.0005748726036901613 -5.201697674140626 
0.000572012540985235 -5.201977633125551 
0.0005691667074479951 -5.202804376717178 
0.0005663350322865623 -5.203160479364897 
0.000563517445061256 -5.203764914435557 
0.0005607138756828418 -5.203818526545704 
0.0005579242544107879 -5.20453290225988 
0.0005551485118515302 -5.205214353215268 
0.0005523865789567466 -5.205540320295096 
0.0005496383870216383 -5.205899712570468 
0.0005469038676832223 -5.207219042269414 
0.0005441829529186291 -5.207303145989298 
0.0005414755750434121 -5.208880051828743 
0.0005387816667098628 -5.210110286963495 
0.0005361011609053361 -5.213947861133216 
0.0005334339909505832 -5.214734769205241 
0.0005307800904980928 -5.215029987906539 
0.0005281393935304406 -5.215811588391941 
0.0005255118343586474 -5.217233785929492 
0.0005228973476205446 -5.218401762622454 
0.0005202958682791489 -5.218727820685921 
0.0005177073316210437 -5.218926679781926 
0.0005151316732547698 -5.218957617077412 
0.0005125688291092238 -5.219146124213092 
0.0005100187354320634 -5.220636360837831 
0.0005074813287881229 -5.221361441505834 
0.0005049565460578337 -5.223109757626287 
0.0005024443244356554 -5.225476031323481 
0.0004999446014285129 -5.226516584183124 
0.0004974573148542416 -5.227261068246138 
0.0004949824028400414 -5.2277636980357505 
0.0004925198038209368 -5.22778037528845 
0.0004900694565382456 -5.228382148961034 
0.0004876313000380553 -5.2291260891761615 
0.0004852052736697068 -5.229427175082658 
0.00048279131708428536 -5.230600939398156 
0.0004803893702331198 -5.2332876501253915 
0.00047799937336628836 -5.234999718079103 
0.0004756212670311327 -5.237576695285857 
0.0004732549920707788 -5.2378085068861235 
0.0004709004896226655 -5.2417643919718655 
0.0004685577011170801 -5.242541979190623 
0.0004662265682757016 -5.242766624450076 
0.00046390703311015085 -5.244620399677633 
0.00046159903792054814 -5.245161756518037 
0.00045930252529407774 -5.2459748929098575 
0.00045701743810356 -5.246034493151081 
0.00045474371950602986 -5.247991875923248 
0.0004524813129413232 -5.248162138617678 
0.00045023016213066987 -5.248674325533151 
0.0004479902110752934 -5.249706297032359 
0.00044576140405501837 -5.2509740061200345 
0.00044354368562688395 -5.2525799323063165 
0.0004413370006237651 -5.2541435469855085 
0.0004391412941530001 -5.254883525885617 
0.00043695651159502503 -5.254999416104276 
0.00043478259860201495 -5.257565693792191 
0.0004326195010965323 -5.2599603549606995 
0.0004304671652701814 -5.259963610308144 
0.00042832553758227006 -5.260037912548062 
0.0004261945647584777 -5.260987640632633 
0.00042407419378953003 -5.262370442128583 
0.00042196437192988065 -5.263190957380604 
0.00041986504669639865 -5.26347276782682 
0.0004177761658670634 -5.263487904552656 
0.00041569767747966506 -5.264430086038646 
0.0004136295298305125 -5.264769542057328 
0.0004115716714731468 -5.266023433260358 
0.0004095240512170615 -5.267437667668528 
0.00040748661812642936 -5.267511196176847 
0.00040545932151883515 -5.268398424183109 
0.0004034421109640151 -5.269577075979417 
0.0004014349362826021 -5.269600138230117 
0.0003994377475448777 -5.269705715466383 
0.00039745049506953006 -5.269735865148359 
0.000395473129422418 -5.2699858355800755 
0.0003935056014153413 -5.270204458378864 
0.00039154786210481723 -5.270464172836565 
0.0003895998627908629 -5.27064022540795 
0.000387661555015784 -5.271445582928932 
0.0003857328905629692 -5.271843346797969 
0.00038381382145569073 -5.272210162146228 
0.0003819042999559112 -5.274567703635007 
0.0003800042785630957 -5.274570199096822 
0.0003781137100130306 -5.274749032463546 
0.00037623254727664734 -5.27574401726714 
0.00037436074355885307 -5.277036000622109 
0.00037249825229736624 -5.277470386971303 
0.0003706450271615585 -5.278499531433115 
0.00036880102205130195 -5.282030000133936 
0.00036696619109582285 -5.282141982232404 
0.00036514048865256006 -5.282751986531693 
0.0003633238693060299 -5.283110704288797 
0.00036151628786669645 -5.283171921009141 
0.00035971769936984726 -5.284287624026577 
0.0003579280590744749 -5.28526088957246 
0.00035614732246216403 -5.285594248726002 
0.00035437544523598413 -5.290254791749514 
0.0003526123833193872 -5.290797371896804 
0.0003508580928551117 -5.292208079075536 
0.0003491125302040912 -5.292367967170435 
0.0003473756519443694 -5.2932203703307295 
0.0003456474148700193 -5.293710211786426 
0.00034392777599006897 -5.294322290033802 
0.0003422166925274318 -5.294625682878196 
0.0003405141219178426 -5.296932673972928 
0.0003388200218087986 -5.297694935583565 
0.0003371343500585061 -5.300264892545954 
0.0003354570647348319 -5.301658200664849 
0.00033378812411426065 -5.302991314657881 
0.00033212748668085635 -5.303443963934486 
0.0003304751111252302 -5.303522828318175 
0.0003288309563435127 -5.30440994016544 
0.000327194981436331 -5.305639233148548 
0.00032556714570779205 -5.306367871800102 
0.0003239474086644697 -5.306468597793731 
0.00032233573001439776 -5.31009900231888 
0.0003207320696660674 -5.310654435511312 
0.00031913638772743027 -5.311136249751129 
0.00031754864450490573 -5.311362160820873 
0.0003159688005023938 -5.311510004718789 
0.0003143968164202923 -5.311909920880728 
0.00031283265315451976 -5.312029769071471 
0.00031127627179554205 -5.312346441298084 
0.00030972763362740503 -5.312842530840051 
0.0003081867001267712 -5.313303243786441 
0.00030665343296196136 -5.313417623943853 
0.00030512779399200136 -5.313941341548107 
0.000303609745265673 -5.314768754799941 
0.0003020992490205702 -5.317556427713043 
0.0003005962676821594 -5.31772347347448 
0.00029910076386284516 -5.318721070399841 
0.00029761270036104 -5.319551923305085 
0.0002961320401602388 -5.3207961282160365 
0.0002946587464280983 -5.323227126283434 
0.0002931927825155207 -5.323346399702486 
0.00029173411195574197 -5.32409376687425 
0.0002902826984634249 -5.324619131983991 
0.00028883850593375613 -5.325937355045271 
0.00028740149844154835 -5.326985185291431 
0.0002859716402403466 -5.3286073492900465 
0.000284548895761539 -5.329104067192709 
0.0002831332296134716 -5.329851396156218 
0.0002817246065805688 -5.330818444872762 
0.00028032299162245646 -5.334119539072282 
0.000278928349873091 -5.334956439557186 
0.0002775406466398916 -5.336998439966914 
0.0002761598474028772 -5.337423689127812 
0.0002747859178138082 -5.338973995382605 
0.0002734188236953315 -5.340142428452257 
0.00027205853104013086 -5.34147587442625 
0.0002707050060100805 -5.341707228937735 
0.0002693582149354035 -5.34252699193107 
0.0002680181243138343 -5.344158351048497 
0.00026668470080978536 -5.344484413759876 
0.0002653579112535178 -5.345041200149154 
0.00026403772264031625 -5.346709658412174 
0.0002627241021296679 -5.347335405971304 
0.00026141701704444567 -5.348396149924739 
0.0002601164348700952 -5.348602952432834 
0.0002588223232538261 -5.350036094050547 
0.00025753465000380704 -5.3502341601208006 
0.00025625338308836524 -5.352643728803378 
0.00025497849063518927 -5.353302565570201 
0.0002537099409305366 -5.3538883539149555 
0.00025244770241844436 -5.354130657133458 
0.0002511917436999447 -5.354141736853751 
0.00024994203353228325 -5.354946012434266 
0.0002486985408281426 -5.355049460600848 
0.0002474612346548682 -5.356672861572086 
0.0002462300842336997 -5.356783773921619 
0.0002450050589390047 -5.356957407664791 
0.00024378612829751713 -5.358979891984129 
0.00024257326198757922 -5.360623722395549 
0.00024136642983838732 -5.361201831512929 
0.0002401656018292411 -5.364755153655861 
0.00023897074808879712 -5.36520646934832 
0.0002377818388943255 -5.365352483545633 
0.00023659884467097065 -5.367455416941607 
0.0002354217359910156 -5.368355422912948 
0.00023425048357314984 -5.370270266516862 
0.00023308505828174115 -5.371809273303595 
0.0002319254311261106 -5.372774956319105 
0.00023077157325981153 -5.373063215461431 
0.00022962345597991198 -5.373744294231282 
0.0002284810507262806 -5.3737942393596425 
0.00022734432908087622 -5.373859451668352 
0.00022621326276704102 -5.374053565683053 
0.00022508782364879704 -5.374818407062422 
0.0002239679837301463 -5.37789506663607 
0.00022285371515437443 -5.3781100847527785 
0.00022174499020335766 -5.378230800328052 
0.0002206417812968733 -5.378954959988946 
0.00021954406099191373 -5.380165213718827 
0.00021845180198200371 -5.381006168676114 
0.00021736497709652113 -5.381040114400119 
0.000216283559300021 -5.382041781734893 
0.00021520752169156321 -5.38311619471373 
0.000214136837504043 -5.383179381650476 
0.00021307148010352538 -5.383947875256903 
0.00021201142298858246 -5.38653195780982 
0.0002109566397896343 -5.387349264387118 
0.00020990710426829285 -5.387844008141098 
0.0002088627903167093 -5.390385045180825 
0.00020782367195692467 -5.3908523718323895 
0.00020678972334022358 -5.392283758504832 
0.0002057609187464911 -5.392950893967367 
0.00020473723258357325 -5.395603239903998 
0.00020371863938664005 -5.396041521968718 
0.0002027051138175523 -5.3965026731023915 
0.00020169663066423114 -5.396764002180416 
0.000200693164840031 -5.397356032239478 
0.00019969469138311543 -5.397839939356445 
0.00019870118545583626 -5.398248974952401 
0.00019771262234411567 -5.399573179542525 
0.00019672897745683153 -5.400545269538275 
0.0001957502263252055 -5.401698510685548 
0.00019477634460219454 -5.402203416128903 
0.0001938073080618851 -5.403012049477215 
0.00019284309259889066 -5.407373056209486 
0.0001918836742277519 -5.407658381295711 
0.00019092902908234022 -5.40800665551775 
0.0001899791334152639 -5.408701582562529 
0.0001890339635972775 -5.4089251289790266 
0.00018809349611669405 -5.4097554505486425 
0.00018715770757880005 -5.410875517691161 
0.0001862265747052737 -5.411031151648222 
0.00018530007433360565 -5.411208257675034 
0.00018437818341652306 -5.411360914721543 
0.00018346087902141597 -5.411453643238689 
0.00018254813832976714 -5.4115287773540866 
0.00018163993863658422 -5.41158513540957 
0.00018073625734983504 -5.412245683225693 
0.00017983707198988562 -5.413615648823466 
0.00017894236018894092 -5.41922871818424 
0.0001780520996904885 -5.420797715653385 
0.00017716626834874476 -5.4210675791251015 
0.00017628484412810424 -5.4237198974946965 
0.0001754078051025913 -5.4249321954597285 
0.00017453512945531474 -5.424973643062568 
0.00017366679547792512 -5.426555898409356 
0.00017280278157007475 -5.427877497599415 
0.00017194306623888035 -5.428105661047209 
0.0001710876280983884 -5.428428104821077 
0.0001702364458690432 -5.4285933764686405 
0.0001693894983771574 -5.429358764322547 
0.00016854676455438548 -5.430036773344946 
0.0001677082234371995 -5.430937614802306 
0.00016687385416636765 -5.430944043534821 
0.0001660436359864355 -5.432503640967818 
0.00016521754824520943 -5.43344446434347 
0.00016439557039324323 -5.434631474575061 
0.0001635776819833266 -5.4354970880865565 
0.00016276386266997673 -5.439942253964534 
0.00016195409220893207 -5.440087806490595 
0.00016114835045664882 -5.440515277354456 
0.00016034661736979983 -5.441374630530287 
0.00015954887300477594 -5.441748779088135 
0.00015875509751719 -5.442492886983891 
0.0001579652711613831 -5.442709714984274 
0.00015717937428993343 -5.443050718376201 
0.0001563973873531676 -5.443143696720074 
0.00015561929089867422 -5.4434170483445055 
0.00015484506557082012 -5.444415892073576 
0.00015407469211026878 -5.4457352098581335 
0.0001533081513535013 -5.447163266093102 
0.0001525454242323396 -5.451342682895822 
0.00015178649177347223 -5.451384555454716 
0.00015103133509798233 -5.452502629767297 
0.00015027993542087793 -5.452626234468921 
0.00014953227405062482 -5.453055068045778 
0.00014878833238868142 -5.453071388769993 
0.00014804809192903623 -5.45311424940777 
0.0001473115342577475 -5.453526624131286 
0.00014657864105248507 -5.454103447549843 
0.0001458493940820747 -5.454507963713468 
0.0001451237752060445 -5.4566085112891205 
0.00014440176637417362 -5.457250243018385 
0.00014368334962604342 -5.4582553069965645 
0.00014296850709059046 -5.459618056717534 
0.00014225722098566216 -5.459959462613956 
0.0001415494736175743 -5.460274716172149 
0.00014084524738067094 -5.461076793266519 
0.0001401445247568865 -5.462369396366672 
0.00013944728831530995 -5.463713241783196 
0.0001387535207117512 -5.464229643503926 
0.00013806320468830966 -5.466467752270133 
0.00013737632307294495 -5.467140604682516 
0.0001366928587790497 -5.467163731556211 
0.00013601279480502458 -5.468805869193371 
0.0001353361142338553 -5.469126488814118 
0.00013466280023269184 -5.46952975376213 
0.0001339928360524297 -5.469861465637412 
0.00013332620502729323 -5.470246878032708 
0.00013266289057442115 -5.470295644476954 
0.00013200287619345388 -5.47116858144822 
0.00013134614546612326 -5.473048898024952 
0.00013069268205584403 -5.473352834768424 
0.0001300424697073075 -5.473634306587494 
0.00012939549224607713 -5.477893741576709 
0.00012875173357818618 -5.477945827726384 
0.0001281111776897375 -5.478010099414957 
0.000127473808646505 -5.479174791171249 
0.0001268396105935373 -5.480496614661212 
0.0001262085677547635 -5.481997512230584 
0.0001255806644326005 -5.483832474776358 
0.00012495588500756268 -5.484676610254435 
0.0001243342139378733 -5.484794135198672 
0.00012371563575907791 -5.485263500351772 
0.00012310013508365963 -5.485358371267324 
0.00012248769660065634 -5.485993434486959 
0.00012187830507527995 -5.487858515723204 
0.00012127194534853727 -5.490601450115406 
0.000120668602336853 -5.4906425139597825 
0.00012006826103169454 -5.491634514820206 
0.00011947090649919855 -5.491743562580554 
0.00011887652387979956 -5.49231696178713 
0.00011828509838786026 -5.492720458030048 
0.00011769661531130375 -5.494991271623595 
0.0001171110600112475 -5.495553372160435 
0.00011652841792163932 -5.496572567580406 
0.00011594867454889484 -5.498929027619082 
0.00011537181547153716 -5.499754921936003 
0.00011479782633983797 -5.500713262443347 
0.00011422669287546067 -5.500835784937259 
0.00011365840087110515 -5.5015264447196826 
0.00011309293619015438 -5.501849887816314 
0.00011253028476632277 -5.503412795962168 
0.00011197043260330623 -5.503675015181516 
0.00011141336577443407 -5.503911957638999 
0.00011085907042232246 -5.504192210322864 
0.00011030753275852981 -5.508626566300495 
0.00010975873906321375 -5.509056881272241 
0.0001092126756847898 -5.5094367264710575 
0.00010866932903959184 -5.510280959175171 
0.00010812868561153417 -5.510457222969892 
0.0001075907319517753 -5.511970035400127 
0.00010705545467838339 -5.5120144353291405 
0.00010652284047600338 -5.513475950168245 
0.00010599287609552574 -5.51351296916433 
0.00010546554835375697 -5.51431033247417 
0.0001049408441330915 -5.5143893372286215 
0.00010441875038118559 -5.5144551872007 
0.00010389925411063243 -5.515530304293764 
0.00010338234239863923 -5.515733155482959 
0.0001028680023867057 -5.515981981590574 
0.00010235622128030419 -5.516371614745698 
0.00010184698634856138 -5.51803988930144 
0.00010134028492394167 -5.518147822793222 
0.00010083610440193201 -5.518392671757059 
0.00010033443224072838 -5.5186405287387075 
9.983525596092376e-5 -5.51872754181001 
9.933856314519777e-5 -5.519053088302539 
9.884434143800774e-5 -5.5192067208431945 
9.835257854528133e-5 -5.5194018415151795 
9.786326223411078e-5 -5.520040181896358 
9.737638033244854e-5 -5.522282519844938 
9.689192072880452e-5 -5.522611278849789 
9.640987137194479e-5 -5.524407624061044 
9.593022027059184e-5 -5.5244419971584025 
9.545295549312621e-5 -5.525602604354203 
9.497806516728976e-5 -5.525637053961517 
9.450553747989031e-5 -5.525851794511553 
9.403536067650777e-5 -5.526791272822402 
9.356752306120177e-5 -5.527004932083662 
9.310201299622067e-5 -5.527141245151351 
9.263881890171211e-5 -5.527172008307326 
9.217792925543494e-5 -5.528726716471016 
9.171933259247259e-5 -5.531602003161672 
9.126301750494785e-5 -5.5330474650697345 
9.080897264173915e-5 -5.533232280396437 
9.035718670819817e-5 -5.534900362710756 
8.990764846586882e-5 -5.535042739520746 
8.946034673220778e-5 -5.536375313303378 
8.901527038030625e-5 -5.540745225726138 
8.857240833861319e-5 -5.541020089341479 
8.813174959065989e-5 -5.541533154465878 
8.769328317478596e-5 -5.541715466728939 
8.725699818386664e-5 -5.542041539611353 
8.682288376504143e-5 -5.543085905834444 
8.63909291194442e-5 -5.544778073217594 
8.596112350193454e-5 -5.545328901927879 
8.553345622083038e-5 -5.546646934449707 
8.510791663764218e-5 -5.549448788185218 
8.468449416680815e-5 -5.54949964018325 
8.426317827543099e-5 -5.550084572006297 
8.384395848301591e-5 -5.5501614113328746 
8.342682436120987e-5 -5.550312210887765 
8.301176553354215e-5 -5.551094670812342 
8.259877167516632e-5 -5.554458886117923 
8.21878325126033e-5 -5.554519787483429 
8.177893782348588e-5 -5.556112575927147 
8.137207743630436e-5 -5.556233113987162 
8.09672412301536e-5 -5.557387076505094 
8.056441913448119e-5 -5.558353179269474 
8.016360112883701e-5 -5.558495372571987 
7.976477724262389e-5 -5.558590057544267 
7.936793755484965e-5 -5.55864651997667 
7.897307219388025e-5 -5.558688495598845 
7.858017133719428e-5 -5.560664066203591 
7.818922521113858e-5 -5.56132321122934 
7.780022409068516e-5 -5.562952435440707 
7.741315829918921e-5 -5.564128253545042 
7.702801820814847e-5 -5.5654778871027935 
7.664479423696365e-5 -5.566313035889601 
7.626347685270016e-5 -5.566565728886867 
7.58840565698509e-5 -5.566843381665433 
7.55065239501004e-5 -5.567378371100646 
7.513086960208996e-5 -5.567644194259306 
7.475708418118404e-5 -5.567831442728357 
7.438515838923786e-5 -5.568517879988228 
7.401508297436603e-5 -5.569178433978235 
7.364684873071247e-5 -5.569188700398762 
7.328044649822136e-5 -5.569875176867771 
7.291586716240932e-5 -5.571825454569854 
7.255310165413862e-5 -5.571943623719209 
7.219214094939166e-5 -5.573665355317413 
7.183297606904643e-5 -5.574057555013943 
7.147559807865317e-5 -5.574162445407346 
7.111999808821212e-5 -5.574536110941851 
7.076616725195235e-5 -5.5748481643018515 
7.041409676811179e-5 -5.575277399319603 
7.006377787871821e-5 -5.575931568209472 
6.971520186937135e-5 -5.576462798397259 
6.936836006902622e-5 -5.576492438448387 
6.902324384977733e-5 -5.576768862214515 
6.867984462664411e-5 -5.581138116516568 
6.833815385735732e-5 -5.581804334078626 
6.799816304214659e-5 -5.582217685483139 
6.765986372352895e-5 -5.583796640719365 
6.732324748609846e-5 -5.585016488884843 
6.698830595631688e-5 -5.585166071006808 
6.665503080230536e-5 -5.586885409678863 
6.632341373363718e-5 -5.587024518879082 
6.599344650113152e-5 -5.588197617441823 
6.566512089664827e-5 -5.5891089878959255 
6.533842875288385e-5 -5.589857938716657 
6.501336194316802e-5 -5.590096268886586 
6.468991238126172e-5 -5.590159506548918 
6.436807202115593e-5 -5.590641628782408 
6.404783285687158e-5 -5.59108947367711 
6.372918692226028e-5 -5.5915438303390275 
6.341212629080624e-5 -5.5926724871120435 
6.309664307542911e-5 -5.5940671746142545 
6.278272942828766e-5 -5.594564984727177 
6.247037754058475e-5 -5.59586995675295 
6.215957964237288e-5 -5.59795305117288 
6.185032800236108e-5 -5.598926478708542 
6.154261492772247e-5 -5.603352686282017 
6.123643276390295e-5 -5.605271492617607 
6.09317738944308e-5 -5.606981365167157 
6.062863074072717e-5 -5.607368756527605 
6.032699576191758e-5 -5.6082381428687995 
6.002686145464436e-5 -5.609330839103538 
5.972822035287996e-5 -5.609533829253369 
5.9431065027741256e-5 -5.610905793774525 
5.913538808730473e-5 -5.611117370840081 
5.8841182176422623e-5 -5.611725518070765 
5.8548439976539924e-5 -5.612893034621382 
5.825715420551236e-5 -5.615437513241202 
5.7967317617425236e-5 -5.615882649897715 
5.7678923002413174e-5 -5.616318350004748 
5.739196318648077e-5 -5.616382712354678 
5.710643103132415e-5 -5.617258498851868 
5.682231943415338e-5 -5.618249396989623 
5.6539621327515806e-5 -5.618746747497021 
5.625832967912021e-5 -5.619281680373599 
5.59784374916619e-5 -5.619706103999836 
5.569993780264866e-5 -5.620159026318907 
5.542282368422752e-5 -5.621309893067407 
5.514708824301246e-5 -5.6213707019391315 
5.48727246199129e-5 -5.622085409813278 
5.459972598996308e-5 -5.622211483546266 
5.4328085562152326e-5 -5.623018764654148 
5.405779657925604e-5 -5.623515685796909 
5.3788852317667704e-5 -5.623581306050751 
5.352124608723155e-5 -5.624328788731892 
5.325497123107617e-5 -5.625775242476129 
5.299002112544893e-5 -5.626105808100788 
5.272638917955117e-5 -5.626643968265299 
5.24640688353743e-5 -5.62877105279467 
5.220305356753662e-5 -5.629037373330767 
5.1943336883121016e-5 -5.629674936164419 
5.168491232151345e-5 -5.630993488850225 
5.1427773454242243e-5 -5.631793543469235 
5.117191388481815e-5 -5.632430980628359 
5.091732724857528e-5 -5.633141217464556 
5.066400721251271e-5 -5.633432000946071 
5.0411947475137026e-5 -5.633736173764537 
5.0161141766305505e-5 -5.633889428235891 
4.9911583847070154e-5 -5.634635979475302 
4.9663267509522545e-5 -5.635171577956199 
4.941618657663935e-5 -5.635831930754691 
4.9170334902128706e-5 -5.63588747730839 
4.892570637027732e-5 -5.636835324796366 
4.8682294895798325e-5 -5.6368592993910465 
4.844009442367993e-5 -5.637886119747221 
4.8199098929034754e-5 -5.63823777763268 
4.795930241695001e-5 -5.638755487298224 
4.7720698922338316e-5 -5.638850301494532 
4.748328250978937e-5 -5.639229012118319 
4.724704727342226e-5 -5.640060406386634 
4.701198733673857e-5 -5.640495257869232 
4.677809685247619e-5 -5.641287861625509 
4.654537000246387e-5 -5.642225990400112 
4.631380099747649e-5 -5.64290293047521 
4.608338407709103e-5 -5.642990627262291 
4.585411350954332e-5 -5.6446646450248545 
4.5625983591585395e-5 -5.6450901291727105 
4.5398988648343674e-5 -5.64538473700117 
4.517312303317779e-5 -5.645558903854228 
4.494838112754009e-5 -5.646293962775787 
4.472475734083591e-5 -5.646387550327656 
4.450224611028449e-5 -5.647209426940983 
4.4280841900780586e-5 -5.648539912149071 
4.406053920475681e-5 -5.6510030788259185 
4.3841332542046575e-5 -5.651710925608379 
4.362321645974784e-5 -5.652769855241387 
4.34061855320874e-5 -5.655160240392254 
4.319023436028597e-5 -5.655170324823669 
4.2975357572423854e-5 -5.655436430690292 
4.276154982330732e-5 -5.657496432889774 
4.254880579433564e-5 -5.657698402403931 
4.23371201933688e-5 -5.662052282725313 
4.2126487754595817e-5 -5.663226155408077 
4.19169032384038e-5 -5.66619098742286 
4.170836143124756e-5 -5.666442317455113 
4.1500857145519966e-5 -5.667432355652755 
4.129438521942285e-5 -5.668372991682388 
4.1088940516838656e-5 -5.668499958852055 
4.088451792720265e-5 -5.668827628424125 
4.0681112365375765e-5 -5.670477914882413 
4.0478718771518176e-5 -5.670794693406132 
4.0277332110963365e-5 -5.671358857198217 
4.00769473740929e-5 -5.672307710288162 
3.987755957621184e-5 -5.675706248204964 
3.967916375742472e-5 -5.676615294813487 
3.948175498251216e-5 -5.678105598759128 
3.9285328340808116e-5 -5.678689575692628 
3.908987894607773e-5 -5.680005127738494 
3.889540193639575e-5 -5.680702265793126 
3.8701892474025625e-5 -5.681423109290898 
3.850934574529913e-5 -5.681958508870367 
3.831775696049665e-5 -5.682378781759646 
3.8127121353728006e-5 -5.683450872036444 
3.793743418281394e-5 -5.683726274425858 
3.77486907291681e-5 -5.6838947875569215 
3.7560886297679704e-5 -5.684315200332336 
3.737401621659672e-5 -5.689608453206777 
3.718807583740967e-5 -5.690176082726672 
3.7003060534735995e-5 -5.69140862043914 
3.681896570620497e-5 -5.691434936070805 
3.6635786772343257e-5 -5.692106873909875 
3.645351917646095e-5 -5.6921202970376905 
3.627215838453826e-5 -5.6940099745096635 
3.60916998851127e-5 -5.694804268773939 
3.591213918916686e-5 -5.696131720589714 
3.573347183001678e-5 -5.696680121686784 
3.555569336320078e-5 -5.698774834198603 
3.5378799366368934e-5 -5.698876601077821 
3.520278543917307e-5 -5.699589100104542 
3.502764720315728e-5 -5.699837970426737 
3.485338030164904e-5 -5.701574287846301 
3.4679980399650784e-5 -5.701984164250296 
3.4507443183732124e-5 -5.703470069750502 
3.4335764361922514e-5 -5.704669361464225 
3.4164939663604495e-5 -5.704924332793127 
3.399496483940745e-5 -5.706247236810952 
3.3825835661101944e-5 -5.7064590819107375 
3.365754792149448e-5 -5.706930677419153 
3.3490097434322864e-5 -5.708244216454718 
3.33234800341521e-5 -5.708697481792708 
3.3157691576270746e-5 -5.708992542410078 
3.299272793658781e-5 -5.709425465986788 
3.282858501153016e-5 -5.709456889623109 
3.2665258717940456e-5 -5.712968305619756 
3.250274499297558e-5 -5.714190255559469 
3.2341039794005555e-5 -5.714223698602262 
3.218013909851299e-5 -5.714229020737405 
3.2020038903993025e-5 -5.714958111189132 
3.186073522785376e-5 -5.715996478239199 
3.170222410731717e-5 -5.7163686411761585 
3.154450159932057e-5 -5.716440919335465 
3.138756378041848e-5 -5.716803652658587 
3.123140674668505e-5 -5.718807589820671 
3.107602661361697e-5 -5.719204289904457 
3.092141951603679e-5 -5.719358633144692 
3.07675816079968e-5 -5.719425990787796 
3.061450906268339e-5 -5.719954400731164 
3.046219807232178e-5 -5.722200970212352 
3.0310644848081372e-5 -5.722586870324772 
3.0159845619981468e-5 -5.723043329896728 
3.000979663679748e-5 -5.723340239657486 
2.9860494165967643e-5 -5.725317214037425 
2.9711934493500144e-5 -5.725391450677954 
2.956411392388074e-5 -5.726823179170977 
2.9417028779980836e-5 -5.727853138489679 
2.9270675402966007e-5 -5.7294078129014245 
2.9125050152204983e-5 -5.729488661906538 
2.8980149405179086e-5 -5.7298525299156235 
2.8835969557392126e-5 -5.730105299206432 
2.8692507022280723e-5 -5.73062337699131 
2.85497582311251e-5 -5.7313824128625726 
2.84077196329603e-5 -5.731910028664454 
2.826638769448786e-5 -5.73207124291422 
2.8125758899987922e-5 -5.732471764291819 
2.7985829751231764e-5 -5.735665641859775 
2.784659676739479e-5 -5.736409608823835 
2.770805648496994e-5 -5.737671079447906 
2.7570205457681533e-5 -5.738286023990979 
2.7433040256399535e-5 -5.738611760204968 
2.7296557469054267e-5 -5.738622705589962 
2.716075370055151e-5 -5.743039534837391 
2.702562557268807e-5 -5.744256323039029 
2.689116972406773e-5 -5.744813172038824 
2.6757382810017644e-5 -5.745045504313782 
2.662426150250512e-5 -5.747938951569379 
2.6491802490054843e-5 -5.748215351131568 
2.6360002477666515e-5 -5.748395432733726 
2.622885818673285e-5 -5.751788439263924 
2.6098366354958058e-5 -5.752252021178903 
2.5968523736276678e-5 -5.7524956600717685 
2.5839327100772813e-5 -5.75299914167085 
2.5710773234599816e-5 -5.753055764178282 
2.5582858939900315e-5 -5.753062215961405 
2.5455581034726683e-5 -5.753671325165273 
2.532893635296187e-5 -5.755401579163775 
2.520292174424067e-5 -5.755933087400097 
2.5077534073871313e-5 -5.756374024157095 
2.4952770222757526e-5 -5.757836559991442 
2.4828627087320923e-5 -5.758246577249958 
2.4705101579423805e-5 -5.7582786100037415 
2.4582190626292342e-5 -5.760486562083591 
2.4459891170440144e-5 -5.7608939896539155 
2.433820016959218e-5 -5.761076971507715 
2.4217114596609138e-5 -5.761569109991293 
2.4096631439412077e-5 -5.762380640676326 
2.3976747700907542e-5 -5.762424795086593 
2.3857460398912976e-5 -5.764317346828496 
2.3738766566082565e-5 -5.765117140728057 
2.3620663249833396e-5 -5.765828616828062 
2.350314751227204e-5 -5.766684483713707 
2.338621643012143e-5 -5.768633333043607 
2.3269867094648192e-5 -5.768997735736396 
2.315409661159024e-5 -5.7692344604895185 
2.3038902101084816e-5 -5.770489521344983 
2.2924280697596832e-5 -5.77133651611999 
2.2810229549847595e-5 -5.771868775538901 
2.2696745820743876e-5 -5.771923160782153 
2.258382668730734e-5 -5.772994718279424 
2.247146934060432e-5 -5.773210313529411 
2.235967098567594e-5 -5.774283430149533 
2.2248428841468597e-5 -5.774463386518361 
2.2137740140764773e-5 -5.774730068827871 
2.2027602130114203e-5 -5.775460316299467 
2.1918012069765376e-5 -5.776228055118542 
2.180896723359739e-5 -5.7762773242068395 
2.1700464909052132e-5 -5.776395425443051 
2.15925023970668e-5 -5.776981880176475 
2.1485077012006762e-5 -5.777072684479876 
2.137818608159877e-5 -5.77872056001776 
2.127182694686445e-5 -5.779723424724897 
2.116599696205418e-5 -5.780347761374711 
2.106069349458127e-5 -5.780524095605387 
2.095591392495649e-5 -5.780855807926406 
2.0851655646722875e-5 -5.783174558874126 
2.0747916066390922e-5 -5.78356142368078 
2.064469260337405e-5 -5.784440287408157 
2.054198268992443e-5 -5.785744363489353 
2.0439783771069085e-5 -5.790647890943906 
2.0338093304546354e-5 -5.791719083411495 
2.0236908760742643e-5 -5.792556505628782 
2.0136227622629494e-5 -5.794171245543054 
2.003604738570099e-5 -5.794229067729372 
1.9936365557911433e-5 -5.795187600599735 
1.983717965961337e-5 -5.795327108351294 
1.973848722349589e-5 -5.796027717534217 
1.9640285794523272e-5 -5.797255268975227 
1.9542572929873903e-5 -5.797566626625431 
1.9445346198879505e-5 -5.797642824720179 
1.9348603182964685e-5 -5.798258710841407 
1.925234147558675e-5 -5.798319809164391 
1.915655868217587e-5 -5.798786829201042 
1.9061252420075492e-5 -5.799441272845294 
1.896642031848308e-5 -5.799878130635606 
1.8872060018391124e-5 -5.800486494527641 
1.8778169172528483e-5 -5.801679473667522 
1.8684745445301972e-5 -5.801870500899056 
1.859178651273828e-5 -5.803500405915373 
1.8499290062426152e-5 -5.8044643903539574 
1.8407253793458856e-5 -5.8050171454280495 
1.831567541637697e-5 -5.805252249400334 
1.8224552653111415e-5 -5.807076639506038 
1.8133883236926784e-5 -5.8075259555284475 
1.8043664912364957e-5 -5.807639978258429 
1.7953895435189012e-5 -5.809290829159079 
1.7864572572327377e-5 -5.809589363904811 
1.7775694101818287e-5 -5.813576556998753 
1.7687257812754515e-5 -5.814873854198929 
1.7599261505228373e-5 -5.815438732180398 
1.751170299027699e-5 -5.816530843597248 
1.742458008982785e-5 -5.819167331045712 
1.7337890636644625e-5 -5.820861585420934 
1.725163247427326e-5 -5.821584927479662 
1.7165803456988318e-5 -5.82258337716672 
1.708040144973962e-5 -5.823556824752874 
1.6995424328099126e-5 -5.825275620659722 
1.6910869978208088e-5 -5.82559475876014 
1.6826736296724465e-5 -5.82603486764177 
1.674302119077061e-5 -5.828438799801794 
1.6659722577881207e-5 -5.831364947303826 
1.6576838385951448e-5 -5.8331621575354236 
1.649436655318552e-5 -5.834462387657814 
1.6412305028045297e-5 -5.834736102176584 
1.63306517691993e-5 -5.835676862854634 
1.624940474547194e-5 -5.8375409915507035 
1.6168561935792977e-5 -5.839965719783505 
1.608812132914724e-5 -5.84022072746185 
1.6008080924524616e-5 -5.841063818022726 
1.5928438730870265e-5 -5.8417961220716395 
1.5849192767035092e-5 -5.842758137697693 
1.5770341061726458e-5 -5.844837074780153 
1.5691881653459162e-5 -5.845348048462032 
1.561381259050663e-5 -5.845488972877932 
1.553613193085237e-5 -5.847261055364274 
1.5458837742141662e-5 -5.854314764958209 
1.5381928101633494e-5 -5.85501706013726 
1.530540109615273e-5 -5.855528563969599 
1.5229254822042518e-5 -5.855928753282279 
1.5153487385116934e-5 -5.856325688872727 
1.5078096900613866e-5 -5.856344212466334 
1.5003081493148125e-5 -5.856757536574506 
1.4928439296664802e-5 -5.857654794350719 
1.4854168454392837e-5 -5.858419546109619 
1.4780267118798844e-5 -5.859845138908191 
1.4706733451541138e-5 -5.860356592516344 
1.4633565623424019e-5 -5.860643812248288 
1.4560761814352257e-5 -5.86072580929022 
1.4488320213285828e-5 -5.8615105399198635 
1.4416239018194855e-5 -5.862594646476336 
1.4344516436014782e-5 -5.86307015944309 
1.4273150682601772e-5 -5.864309863769367 
1.4202139982688332e-5 -5.86626546040382 
1.4131482569839136e-5 -5.86792332427187 
1.40611766864071e-5 -5.868287494791165 
1.3991220583489653e-5 -5.8695016248853795 
1.3921612520885227e-5 -5.869566507477639 
1.3852350767049977e-5 -5.871930914847448 
1.3783433599054705e-5 -5.873199653649413 
1.3714859302541994e-5 -5.873213173276645 
1.3646626171683577e-5 -5.8733976217483965 
1.3578732509137888e-5 -5.873405855410491 
1.351117662600785e-5 -5.875525881816611 
1.3443956841798855e-5 -5.878082079541338 
1.337707148437697e-5 -5.8793784835706795 
1.3310518889927334e-5 -5.879822700280183 
1.3244297402912771e-5 -5.880554326026829 
1.3178405376032607e-5 -5.88347307898221 
1.31128411701817e-5 -5.884314461188759 
1.3047603154409651e-5 -5.884714032835699 
1.2982689705880252e-5 -5.88517579504167 
1.2918099209831096e-5 -5.886149276963538 
1.2853830059533429e-5 -5.886191452583937 
1.2789880656252169e-5 -5.8872770449091245 
1.2726249409206138e-5 -5.8884302858561615 
1.2662934735528495e-5 -5.890960974260541 
1.259993506022736e-5 -5.8927091935689315 
1.2537248816146627e-5 -5.893070615659669 
1.2474874443926992e-5 -5.89478813248332 
1.2412810391967156e-5 -5.8967003231194814 
1.235105511638523e-5 -5.898052221726904 
1.2289607080980328e-5 -5.8996518870284715 
1.2228464757194357e-5 -5.901259474750933 
1.2167626624073989e-5 -5.903622099609549 
1.2107091168232824e-5 -5.903927251365587 
1.2046856883813755e-5 -5.904451295027281 
1.1986922272451499e-5 -5.9067103538644705 
1.1927285843235322e-5 -5.909875734907487 
1.1867946112671963e-5 -5.9104420472294645 
1.1808901604648719e-5 -5.91140558930727 
1.1750150850396735e-5 -5.911475016448181 
1.1691692388454463e-5 -5.911547396278647 
1.1633524764631307e-5 -5.911871007373446 
1.157564653197145e-5 -5.913799073805007 
1.1518056250717861e-5 -5.914502741202186 
1.1460752488276478e-5 -5.914950523965438 
1.1403733819180577e-5 -5.9151288393356545 
1.13469988250553e-5 -5.917258641414581 
1.1290546094582388e-5 -5.918793461965808 
1.1234374223465063e-5 -5.919065407100624 
1.1178481814393098e-5 -5.919441710582584 
1.1122867477008059e-5 -5.921622930607715 
1.1067529827868715e-5 -5.921876123270236 
1.1012467490416631e-5 -5.923374742191636 
1.0957679094941923e-5 -5.924328051306152 
1.0903163278549176e-5 -5.9286555292646135 
1.084891868512356e-5 -5.929624233758008 
1.0794943965297075e-5 -5.931961198776367 
1.0741237776415e-5 -5.932273013250603 
1.0687798782502487e-5 -5.93381088271788 
1.0634625654231331e-5 -5.933816571564986 
1.0581717068886896e-5 -5.934312488915574 
1.052907171033522e-5 -5.935355494543035 
1.0476688268990269e-5 -5.9355687613451 
1.0424565441781363e-5 -5.935621133974317 
1.037270193212076e-5 -5.936145928258817 
1.0321096449871403e-5 -5.936528425609131 
1.026974771131483e-5 -5.937149696379246 
1.0218654439119232e-5 -5.937809372637764 
1.0167815362307695e-5 -5.938673761705991 
1.0117229216226562e-5 -5.939883981036257 
1.0066894742513993e-5 -5.940948708694541 
1.0016810689068649e-5 -5.941532515806387 
9.966975810018557e-6 -5.942399972977897 
9.917388865690106e-6 -5.94401443838429 
9.868048622577221e-6 -5.944941885466043 
9.818953853310668e-6 -5.945449461444888 
9.77010333662753e-6 -5.945992543146844 
9.721495857340826e-6 -5.947344588172765 
9.67313020630928e-6 -5.9474333489478015 
9.625005180407244e-6 -5.950153786125145 
9.57711958249477e-6 -5.9502484647827645 
9.529472221387832e-6 -5.9503108362795185 
9.482061911828688e-6 -5.950678843980777 
9.434887474456406e-6 -5.9511505349781 
9.387947735777518e-6 -5.951199378317004 
9.341241528136835e-6 -5.951777112383314 
9.294767689688392e-6 -5.952128820873757 
9.24852506436656e-6 -5.955421528065632 
9.202512501857275e-6 -5.955464214082501 
9.156728857569427e-6 -5.956903891625644 
9.111172992606396e-6 -5.957623918316627 
9.065843773737707e-6 -5.9587658949435305 
9.020740073370854e-6 -5.9593250580434 
8.975860769523238e-6 -5.959447838656492 
8.931204745794266e-6 -5.959678873356932 
8.886770891337579e-6 -5.96350027353138 
8.842558100833412e-6 -5.96482868060515 
8.798565274461106e-6 -5.965641577623851 
8.754791317871748e-6 -5.967240137645949 
8.711235142160944e-6 -5.969469349174517 
8.667895663841735e-6 -5.970167666494955 
8.624771804817647e-6 -5.971151543100589 
8.581862492355867e-6 -5.971354447108521 
8.539166659060564e-6 -5.973029828101064 
8.496683242846334e-6 -5.973063449978975 
8.454411186911776e-6 -5.973561011820407 
8.412349439713209e-6 -5.974010900102945 
8.370496954938517e-6 -5.975766596974073 
8.328852691481111e-6 -5.976740274784091 
8.287415613414041e-6 -5.97761239185082 
8.24618468996422e-6 -5.977662739568196 
8.205158895486787e-6 -5.978640305859209 
8.16433720943959e-6 -5.98102781802283 
8.1237186163578e-6 -5.981553567359994 
8.083302105828657e-6 -5.981554270101959 
8.043086672466326e-6 -5.9820063116221 
8.00307131588689e-6 -5.9820410373529675 
7.963255040683474e-6 -5.982285377185289 
7.923636856401467e-6 -5.9825061780655355 
7.884215777513898e-6 -5.98383915229896 
7.844990823396913e-6 -5.984381647740348 
7.805961018305386e-6 -5.98579208720997 
7.767125391348643e-6 -5.9870911444586605 
7.728482976466312e-6 -5.988741583701657 
7.69003281240429e-6 -5.98908682574851 
7.651773942690837e-6 -5.989460367535379 
7.613705415612773e-6 -5.989897147162932 
7.5758262841918144e-6 -5.992376072996406 
7.53813560616101e-6 -5.993312621376403 
7.500632443941303e-6 -5.996055716239359 
7.463315864618212e-6 -5.99699075146182 
7.426184939918619e-6 -5.999406467107567 
7.3892387461876805e-6 -5.999513607203132 
7.352476364365852e-6 -5.999626309156687 
7.3158968799660215e-6 -6.001830756308997 
7.279499383050768e-6 -6.003114562161605 
7.24328296820972e-6 -6.003114763843873 
7.207246734537035e-6 -6.00353252358483 
7.17138978560899e-6 -6.004088324014851 
7.135711229461682e-6 -6.004421684940467 
7.100210178568837e-6 -6.008112509546418 
7.06488574981974e-6 -6.008721253717022 
7.029737064497253e-6 -6.011025913947695 
6.994763248255973e-6 -6.012014912409168 
6.959963431100471e-6 -6.01255743786687 
6.925336747363653e-6 -6.014964729326089 
6.890882335685227e-6 -6.015014819279608 
6.856599338990276e-6 -6.015366551500773 
6.822486904467936e-6 -6.017999910395837 
6.788544183550185e-6 -6.018636334823998 
6.754770331890732e-6 -6.021597006464044 
6.721164509344012e-6 -6.021873088226374 
6.687725879944291e-6 -6.021904152532637 
6.6544536118848665e-6 -6.02235351220309 
6.62134687749738e-6 -6.0227770792473265 
6.588404853231224e-6 -6.023249485371217 
6.5556267196330585e-6 -6.023284321790014 
6.523011661326427e-6 -6.028929248777868 
6.49055886699147e-6 -6.031794524604018 
6.458267529344746e-6 -6.033270855926099 
6.42613684511915e-6 -6.035313846766057 
6.394166015043931e-6 -6.035472155730756 
6.362354243824807e-6 -6.038244997472219 
6.330700740124186e-6 -6.038517324731233 
6.299204716541479e-6 -6.04030577789764 
6.267865389593512e-6 -6.041699546647529 
6.236681979695036e-6 -6.043297811906176 
6.20565371113934e-6 -6.044763456075372 
6.174779812078946e-6 -6.0448320491654775 
6.1440595145064135e-6 -6.048116141692722 
6.113492054235237e-6 -6.048148472904874 
6.0830766708808335e-6 -6.049173183224645 
6.052812607841625e-6 -6.051035864060467 
6.022699112280225e-6 -6.052037055056613 
5.992735435104701e-6 -6.055552978959417 
5.962920830949951e-6 -6.0567985692841475 
5.933254558159156e-6 -6.057335198317991 
5.90373587876533e-6 -6.057846807367477 
5.8743640584729644e-6 -6.059024385131199 
5.845138366639766e-6 -6.059600579294464 
5.816058076258474e-6 -6.060996905317166 
5.78712246393878e-6 -6.061351314542434 
5.758330809889334e-6 -6.0614373823301575 
5.729682397899834e-6 -6.061508385080556 
5.701176515323219e-6 -6.065842303782143 
5.672812453057929e-6 -6.065990853747893 
5.644589505530278e-6 -6.067598905183745 
5.616506970676894e-6 -6.0717726079677385 
5.588564149927257e-6 -6.071895720054983 
5.560760348186326e-6 -6.073496101351195 
5.533094873817239e-6 -6.0749948880215685 
5.505567038624119e-6 -6.075035954778564 
5.478176157834944e-6 -6.075106960303961 
5.450921550084522e-6 -6.075975935485572 
5.4238025373975344e-6 -6.0776708740967855 
5.396818445171676e-6 -6.078547398908455 
5.3699686021608715e-6 -6.078652103242816 
5.343252340458579e-6 -6.079110024173274 
5.316668995481174e-6 -6.081734715961893 
5.290217905951417e-6 -6.082431833461329 
5.263898413882007e-6 -6.082511667121575 
5.23770986455921e-6 -6.0836556316645325 
5.211651606526578e-6 -6.084067824843641 
5.185722991568735e-6 -6.08553639796696 
5.159923374695258e-6 -6.08869271958076 
5.134252114124635e-6 -6.089267155008326 
5.108708571268294e-6 -6.089976099030986 
5.08329211071472e-6 -6.090139812544468 
5.058002100213652e-6 -6.091416448323684 
5.03283791066035e-6 -6.093077510738321 
5.007798916079951e-6 -6.095695780166536 
4.982884493611891e-6 -6.09667812180161 
4.958094023494419e-6 -6.097078667202016 
4.933426889049173e-6 -6.0971886959416155 
4.908882476665844e-6 -6.097579231666065 
4.88446017578691e-6 -6.098922365627699 
4.860159378892448e-6 -6.10156707143526 
4.835979481485023e-6 -6.103974300351022 
4.81191988207465e-6 -6.106559377164098 
4.787979982163831e-6 -6.108637375760771 
4.764159186232667e-6 -6.110173823040729 
4.740456901724047e-6 -6.112448952535392 
4.7168725390289034e-6 -6.112859197122883 
4.693405511471546e-6 -6.1128641657977 
4.670055235295071e-6 -6.113664992887563 
4.646821129646836e-6 -6.114466438611675 
4.623702616564016e-6 -6.114988909249518 
4.60069912095922e-6 -6.1178815460706915 
4.577810070606189e-6 -6.118193228617993 
4.555034896125562e-6 -6.120045178862916 
4.532373030970708e-6 -6.120852892484338 
4.5098239114136405e-6 -6.121105620636346 
4.487386976530985e-6 -6.124757054603497 
4.465061668190035e-6 -6.125429910794447 
4.442847431034861e-6 -6.125877861484111 
4.420743712472499e-6 -6.129095595998146 
4.398749962659203e-6 -6.130140881048987 
4.376865634486769e-6 -6.132878020631177 
4.355090183568925e-6 -6.133873897154828 
4.333423068227786e-6 -6.135257591259088 
4.311863749480384e-6 -6.1371703765141445 
4.2904116910252575e-6 -6.138217602033751 
4.269066359229112e-6 -6.138924105380238 
4.247827223113544e-6 -6.139053716332119 
4.226693754341835e-6 -6.139249495465101 
4.2056654272058064e-6 -6.139282936478575 
4.184741718612743e-6 -6.14082950629236 
4.163922108072381e-6 -6.142401916163211 
4.143206077683962e-6 -6.142999627887529 
4.122593112123345e-6 -6.143041320470245 
4.102082698630194e-6 -6.146883396454459 
4.081674326995218e-6 -6.147444100893982 
4.0613674895474805e-6 -6.150169546330431 
4.041161681141772e-6 -6.150346491054457 
4.0210563991460414e-6 -6.151287273624989 
4.001051143428897e-6 -6.151974987746495 
3.981145416347162e-6 -6.155003351382544 
3.961338722733494e-6 -6.156512930013274 
3.941630569884074e-6 -6.159207556819724 
3.922020467546342e-6 -6.159388784588112 
3.902507927906808e-6 -6.161063486640152 
3.883092465578914e-6 -6.162608619974327 
3.863773597590959e-6 -6.166362022798421 
3.844550843374089e-6 -6.166485595946731 
3.825423724750337e-6 -6.166554419823525 
3.8063917659207335e-6 -6.1687516689423925 
3.7874544934534664e-6 -6.170020445144292 
3.7686114362721057e-6 -6.17059423174668 
3.7498621256438865e-6 -6.171010280682884 
3.7312060951680464e-6 -6.172744129004628 
3.7126428807642253e-6 -6.173343435229894 
3.694172020660921e-6 -6.174260341507358 
3.675793055384001e-6 -6.174453387690149 
3.6575055277452746e-6 -6.174488869691482 
3.639308982831119e-6 -6.176579702151521 
3.6212029679911632e-6 -6.177046643630129 
3.603187032827028e-6 -6.178994679838299 
3.5852607291811227e-6 -6.180460315315832 
3.5674236111254953e-6 -6.180731005540164 
3.5496752349507418e-6 -6.180986531206275 
3.532015159154967e-6 -6.181404598696476 
3.514442944432803e-6 -6.184251408276179 
3.4969581536644807e-6 -6.185315359868459 
3.479560351904956e-6 -6.18536907203223 
3.4622491063730906e-6 -6.186357248454628 
3.445023986440886e-6 -6.186447984126953 
3.4278845636227723e-6 -6.189919586359847 
3.410830411564948e-6 -6.190100917038006 
3.393861106034774e-6 -6.190521363396316 
3.376976224910223e-6 -6.1919378481817615 
3.360175348169376e-6 -6.191981862498554 
3.3434580578799766e-6 -6.192039759887051 
3.3268239381890314e-6 -6.19238120201101 
3.3102725753124692e-6 -6.193861251907948 
3.293803557524845e-6 -6.194617800251621 
3.2774164751490997e-6 -6.194618502554078 
3.261110920546368e-6 -6.198642062708918 
3.2448864881058386e-6 -6.198700601751951 
3.2287427742346654e-6 -6.200690487598455 
3.2126793773479258e-6 -6.201169143064167 
3.1966958978586327e-6 -6.202767206170623 
3.1807919381677937e-6 -6.204146897347733 
3.1649671026545215e-6 -6.2042742532852255 
3.1492209976661902e-6 -6.206180867153481 
3.1335532315086473e-6 -6.206425541314445 
3.117963414436465e-6 -6.208268662852698 
3.1024511586432487e-6 -6.2095384345418445 
3.087016078251989e-6 -6.209870985976166 
3.071657789305462e-6 -6.209872638270639 
3.0563759097566785e-6 -6.210781918121319 
3.0411700594593817e-6 -6.213499001543112 
3.026039860158589e-6 -6.214959941514673 
3.010984935481183e-6 -6.216007184549703 
2.9960049109265503e-6 -6.219057523056399 
2.981099413857264e-6 -6.2198629109171755 
2.966268073489815e-6 -6.221793191179954 
2.951510520885388e-6 -6.222537350304454 
2.9368263889406847e-6 -6.224961908461801 
2.922215312378791e-6 -6.224995419914182 
2.9076769277400904e-6 -6.225237171963342 
2.8932108733732244e-6 -6.226995599458883 
2.878816789426094e-6 -6.22712241113877 
2.8644943178369095e-6 -6.230415963961548 
2.8502431023252832e-6 -6.230533267064637 
2.8360627883833662e-6 -6.230812025572812 
2.821953023267031e-6 -6.23337319027931 
2.807913455987096e-6 -6.233650981477913 
2.793943737300593e-6 -6.236663973719675 
2.7800435197020824e-6 -6.237652114603246 
2.7662124574150077e-6 -6.2380789963538295 
2.752450206383092e-6 -6.238387429834341 
2.7387564242617834e-6 -6.2402803849830315 
2.725130770409735e-6 -6.241306233626749 
2.711572905880333e-6 -6.241615065838892 
2.698082493413267e-6 -6.241729570805089 
2.6846591974261364e-6 -6.242456162946359 
2.671302684006106e-6 -6.243852365432073 
2.658012620901598e-6 -6.244412255532297 
2.644788677514028e-6 -6.246141729059296 
2.63163052488958e-6 -6.249419309102624 
2.618537835711025e-6 -6.249981109138513 
2.605510284289577e-6 -6.250468047383415 
2.5925475465567934e-6 -6.2519721415197145 
2.5796493000565106e-6 -6.2529446765814605 
2.5668152239368265e-6 -6.253391376213834 
2.554044998942116e-6 -6.253681737892273 
2.541338307405091e-6 -6.2543743203821975 
2.528694833238896e-6 -6.255847331448902 
2.51611426192925e-6 -6.257215645868987 
2.503596280526617e-6 -6.2572735826672155 
2.491140577638425e-6 -6.257999109700531 
2.4787468434213183e-6 -6.259367652865147 
2.4664147695734514e-6 -6.259445882557006 
2.454144049326817e-6 -6.263442639621217 
2.441934377439619e-6 -6.263794531802928 
2.4297854501886757e-6 -6.265530843868986 
2.4176969653618665e-6 -6.268931097367123 
2.4056686222506133e-6 -6.26930585990539 
2.3937001216424016e-6 -6.274823523659992 
2.381791165813335e-6 -6.275421542657969 
2.3699414585207315e-6 -6.275622631166311 
2.3581507049957525e-6 -6.275776763912368 
2.346418611936072e-6 -6.276763444813054 
2.3347448874985794e-6 -6.277090305062814 
2.323129241292119e-6 -6.277544457746075 
2.3115713843702677e-6 -6.280122735280601 
2.300071029224147e-6 -6.281561653747299 
2.288627889775271e-6 -6.282036792508888 
2.2772416813684287e-6 -6.28224025560047 
2.2659121207646057e-6 -6.28290542643326 
2.254638926133936e-6 -6.282941407763901 
2.2434218170486928e-6 -6.2848637638741955 
2.232260514476311e-6 -6.285878871095024 
2.221154740772449e-6 -6.2885463715847605 
2.2101042196740785e-6 -6.288774546515728 
2.1991086762926155e-6 -6.288945712088067 
2.18816783710708e-6 -6.2889968095232 
2.177281429957294e-6 -6.290154270718241 
2.1664491840371083e-6 -6.290474754391227 
2.15567082988767e-6 -6.293255643620218 
2.1449460993907164e-6 -6.294739487374924 
2.1342747257619067e-6 -6.296588363607594 
2.1236564435441862e-6 -6.296828364831039 
2.11309098860118e-6 -6.299071727987359 
2.102578098110627e-6 -6.299901072650895 
2.092117510557838e-6 -6.3052990303962195 
2.081708965729192e-6 -6.305425411109542 
2.0713522047056636e-6 -6.305507675485431 
2.061046969856382e-6 -6.305639380566773 
2.050793004832221e-6 -6.305791141000562 
2.040590054559424e-6 -6.306077040717383 
2.0304378652332577e-6 -6.306566992685556 
2.020336184311699e-6 -6.307155543577198 
2.0102847605091534e-6 -6.3080959825262575 
2.0002833437902025e-6 -6.308127404790343 
1.9903316853633855e-6 -6.310156353968827 
1.9804295376750103e-6 -6.3106470417905465 
1.9705766544029955e-6 -6.313175298507317 
1.960772790450742e-6 -6.314225666305503 
1.951017701941037e-6 -6.314301040659437 
1.941311146209987e-6 -6.314601326689393 
1.931652881800982e-6 -6.315843823997753 
1.9220426684586884e-6 -6.3175454009209835 
1.9124802671230735e-6 -6.319095890395911 
1.902965439923456e-6 -6.319292175338975 
1.893497950172593e-6 -6.320810432207397 
1.8840775623607893e-6 -6.321768795364626 
1.874704042150039e-6 -6.321851155919131 
1.8653771563681981e-6 -6.321959273378555 
1.8560966730031823e-6 -6.322521070141486 
1.8468623611971963e-6 -6.32412639869026 
1.8376739912409915e-6 -6.325844280564 
1.8285313345681506e-6 -6.32645922820979 
1.8194341637494038e-6 -6.326528233617973 
1.8103822524869688e-6 -6.327016031594743 
1.8013753756089243e-6 -6.330243563656002 
1.7924133090636063e-6 -6.331321447395988 
1.7834958299140362e-6 -6.331343900371413 
1.7746227163323744e-6 -6.331650679853002 
1.7657937475944024e-6 -6.332372381809647 
1.7570087040740323e-6 -6.332379524975506 
1.7482673672378432e-6 -6.334736770884556 
1.7395695196396449e-6 -6.33682145828742 
1.7309149449150696e-6 -6.337804579236042 
1.7223034277761886e-6 -6.338493325152313 
1.713734754006158e-6 -6.339100173042162 
1.7052087104538886e-6 -6.339277752165502 
1.696725085028745e-6 -6.340433539598788 
1.6882836666952686e-6 -6.341052671520498 
1.6798842454679289e-6 -6.344424889543713 
1.6715266124058994e-6 -6.344627193335564 
1.6632105596078602e-6 -6.344885499652584 
1.6549358802068261e-6 -6.345148959095394 
1.6467023683650013e-6 -6.347095158583042 
1.6385098192686579e-6 -6.3477212110177526 
1.6303580291230428e-6 -6.348644738528585 
1.6222467951473062e-6 -6.348677596238027 
1.614175915569459e-6 -6.348798396505142 
1.6061451896213523e-6 -6.349882631269694 
1.5981544175336838e-6 -6.351909878232819 
1.5902034005310288e-6 -6.353505532142689 
1.5822919408268944e-6 -6.354485718554976 
1.5744198416188003e-6 -6.355346073392099 
1.5665869070833834e-6 -6.356585517375555 
1.5587929423715258e-6 -6.357659318882081 
1.5510377536035083e-6 -6.357890039028797 
1.5433211478641875e-6 -6.360064275376371 
1.5356429331981966e-6 -6.360627334450582 
1.5280029186051708e-6 -6.366227701935507 
1.5204009140349958e-6 -6.3669034732116465 
1.5128367303830804e-6 -6.367378960884949 
1.5053101794856523e-6 -6.368609777253732 
1.497821074115077e-6 -6.369815416752281 
1.490369227975201e-6 -6.369979647598337 
1.4829544556967173e-6 -6.370287271468531 
1.4755765728325547e-6 -6.371956157295777 
1.4682353958532882e-6 -6.3742842080845525 
1.4609307421425753e-6 -6.376213229942357 
1.4536624299926122e-6 -6.376724889929567 
1.4464302785996142e-6 -6.378259656461509 
1.4392341080593177e-6 -6.379349254883058 
1.4320737393625053e-6 -6.379641508281362 
1.4249489943905525e-6 -6.381222091971099 
1.4178596959109975e-6 -6.3814934736655236 
1.410805667573132e-6 -6.382091850399413 
1.403786733903614e-6 -6.38388727875423 
1.3968027203021034e-6 -6.387404672321066 
1.3898534530369188e-6 -6.387433702494009 
1.3829387592407153e-6 -6.38853313915672 
1.3760584669061844e-6 -6.388725968464656 
1.3692124048817755e-6 -6.390893587825069 
1.3624004028674384e-6 -6.390932269075568 
1.3556222914103865e-6 -6.394094045062319 
1.3488779019008821e-6 -6.396433409939746 
1.342167066568042e-6 -6.398053557353359 
1.3354896184756636e-6 -6.402821225345283 
1.3288453915180732e-6 -6.404512053080679 
1.3222342204159934e-6 -6.405734078555382 
1.3156559407124312e-6 -6.407568521076654 
1.3091103887685883e-6 -6.411256290195259 
1.3025974017597894e-6 -6.412999242137864 
1.2961168176714323e-6 -6.413018685800643 
1.2896684752949574e-6 -6.413699158554909 
1.2832522142238383e-6 -6.414100619706357 
1.2768678748495905e-6 -6.414280091072993 
1.2705152983578015e-6 -6.415916887634441 
1.2641943267241806e-6 -6.416601140990587 
1.2579048027106275e-6 -6.41848657938176 
1.251646569861321e-6 -6.418579513210644 
1.2454194724988267e-6 -6.4186819923189 
1.2392233557202256e-6 -6.4197010802319046 
1.2330580653932593e-6 -6.4203124081578355 
1.226923448152497e-6 -6.420638661299023 
1.2208193513955193e-6 -6.420992837427392 
1.2147456232791238e-6 -6.42109587715119 
1.2087021127155461e-6 -6.424654918239046 
1.2026886693687027e-6 -6.426087324042388 
1.1967051436504504e-6 -6.426381116273497 
1.1907513867168662e-6 -6.429956865833722 
1.1848272504645434e-6 -6.430883086154503 
1.178932587526909e-6 -6.4328179912537085 
1.173067251270556e-6 -6.433576092834847 
1.167231095791598e-6 -6.433941826974729 
1.161423975912038e-6 -6.435241625437643 
1.1556457471761573e-6 -6.4355554252452585 
1.1498962658469227e-6 -6.437487662221482 
1.1441753889024105e-6 -6.437753882164619 
1.1384829740322494e-6 -6.440065705996406 
1.132818879634079e-6 -6.44043633500873 
1.1271829648100288e-6 -6.440606706258864 
1.121575089363213e-6 -6.440618145245602 
1.1159951137942418e-6 -6.443592707485122 
1.110442899297753e-6 -6.4484671738347785 
1.1049183077589583e-6 -6.448884832180646 
1.099421201750207e-6 -6.449420024215788 
1.0939514445275693e-6 -6.449686184656202 
1.0885089000274321e-6 -6.449723282426234 
1.0830934328631166e-6 -6.449980026581807 
1.0777049083215092e-6 -6.452518501971495 
1.0723431923597106e-6 -6.45348699614104 
1.067008151601702e-6 -6.453691026076565 
1.061699653335027e-6 -6.4554116218588105 
1.0564175655074897e-6 -6.457171886994031 
1.0511617567238703e-6 -6.457543662122503 
1.045932096242657e-6 -6.458581669202222 
1.040728453972793e-6 -6.458853113025806 
1.0355507004704408e-6 -6.4594922482299415 
1.030398706935762e-6 -6.459564989946897 
1.0252723452097136e-6 -6.460406706685854 
1.0201714877708593e-6 -6.461418441189719 
1.0150960077321982e-6 -6.4638805971066535 
1.0100457788380083e-6 -6.46581437612638 
1.0050206754607049e-6 -6.468673327932961 
1.0000205725977163e-6 -6.468862318862078 
9.950453458683744e-7 -6.470340112212409 
9.900948715108204e-7 -6.473360753078117 
9.851690263789257e-7 -6.474060449889223 
9.802676879392295e-7 -6.4758248969626715 
9.753907342678901e-7 -6.476509968617011 
9.70538044047652e-7 -6.477483201320762 
9.657094965648279e-7 -6.478848284301559 
9.609049717062964e-7 -6.479427583914388 
9.561243499565138e-7 -6.479892207912039 
9.513675123945411e-7 -6.482690130787602 
9.466343406910857e-7 -6.482871817776973 
9.419247171055579e-7 -6.484233163672346 
9.372385244831422e-7 -6.48961194291684 
9.325756462518829e-7 -6.490463022638035 
9.27935966419784e-7 -6.4908343840840965 
9.233193695719243e-7 -6.49111114861106 
9.187257408675864e-7 -6.494530484474627 
9.141549660373994e-7 -6.495832555081324 
9.09606931380497e-7 -6.495911301093667 
9.050815237616886e-7 -6.501573286033015 
9.005786306086454e-7 -6.502071317988667 
8.960981399090999e-7 -6.509017495418453 
8.916399402080596e-7 -6.515000451956653 
8.872039206050345e-7 -6.515479347164158 
8.827899707512781e-7 -6.516183057756527 
8.783979808470429e-7 -6.516889104428415 
8.740278416388487e-7 -6.517399147944253 
8.696794444167649e-7 -6.518078205375329 
8.653526810117063e-7 -6.518109607261151 
8.610474437927426e-7 -6.520743397375648 
8.567636256644206e-7 -6.521023729668693 
8.525011200641001e-7 -6.521759111920715 
8.482598209593036e-7 -6.523920510122908 
8.440396228450782e-7 -6.524043909923516 
8.398404207413714e-7 -6.526342229322498 
8.356621101904193e-7 -6.5265521127015775 
8.315045872541485e-7 -6.527012516342989 
8.273677485115907e-7 -6.528049806461978 
8.232514910563091e-7 -6.529047976074493 
8.191557124938399e-7 -6.531940162473472 
8.150803109391443e-7 -6.532519191306172 
8.110251850140739e-7 -6.53267571281282 
8.069902338448496e-7 -6.535744139570081 
8.029753570595519e-7 -6.5367399512423745 
7.989804547856238e-7 -6.538058969918502 
7.950054276473869e-7 -6.538597837757376 
7.910501767635691e-7 -6.539215528584931 
7.871146037448449e-7 -6.542700962155181 
7.831986106913879e-7 -6.543011942673777 
7.793021001904358e-7 -6.5432938000660545 
7.754249753138665e-7 -6.546573439474038 
7.715671396157875e-7 -6.547321589530069 
7.677284971301369e-7 -6.547906010964271 
7.639089523682954e-7 -6.550124910431098 
7.601084103167119e-7 -6.550260740568576 
7.563267764345392e-7 -6.552595482602748 
7.525639566512828e-7 -6.55285708277802 
7.488198573644606e-7 -6.554658329880455 
7.450943854372741e-7 -6.5553691211292575 
7.413874481962927e-7 -6.5555482195625165 
7.37698953429147e-7 -6.556836211587427 
7.340288093822359e-7 -6.5598975754613615 
7.303769247584436e-7 -6.562871637271587 
7.267432087148693e-7 -6.563502669076466 
7.231275708605665e-7 -6.564507695287119 
7.19529921254295e-7 -6.566528463350005 
7.159501704022837e-7 -6.568779764332214 
7.123882292560037e-7 -6.568999806689343 
7.088440092099539e-7 -6.574598648561136 
7.053174220994566e-7 -6.5758649371800635 
7.018083801984643e-7 -6.576204430686047 
6.983167962173774e-7 -6.577174837280494 
6.948425833008731e-7 -6.57915073082583 
6.913856550257444e-7 -6.583177463588683 
6.879459253987507e-7 -6.585614036395821 
6.845233088544783e-7 -6.5857929495792344 
6.811177202532122e-7 -6.586210732976736 
6.777290748788182e-7 -6.586647473334892 
6.74357288436635e-7 -6.587336131865997 
6.710022770513781e-7 -6.588529571305185 
6.676639572650529e-7 -6.589019633525021 
6.643422460348785e-7 -6.5918025626684305 
6.610370607312223e-7 -6.594737845634618 
6.577483191355447e-7 -6.595745998803172 
6.544759394383529e-7 -6.599236783251806 
6.512198402371671e-7 -6.600371752208054 
6.479799405344947e-7 -6.6011354970458225 
6.447561597358156e-7 -6.602045133544683 
6.415484176475778e-7 -6.60334107173222 
6.383566344752017e-7 -6.606153566373922 
6.351807308210962e-7 -6.6070449559647635 
6.320206276826828e-7 -6.607660364267911 
6.288762464504307e-7 -6.6106114339020445 
6.257475089059012e-7 -6.610629905947655 
6.226343372198022e-7 -6.611187721296937 
6.19536653950052e-7 -6.6116259155354 
6.164543820398527e-7 -6.6119875216990796 
6.133874448157738e-7 -6.612260633303424 
6.103357659858446e-7 -6.614133722702329 
6.072992696376563e-7 -6.614315393228286 
6.04277880236474e-7 -6.615132400001008 
6.012715226233573e-7 -6.6187205129525575 
5.982801220132908e-7 -6.619521667855155 
5.953036039933242e-7 -6.61956308517892 
5.923418945207207e-7 -6.6198419991838575 
5.893949199211151e-7 -6.619867038609259 
5.864626068866817e-7 -6.62056974748734 
5.835448824743102e-7 -6.623252167509847 
5.806416741037912e-7 -6.623583786824911 
5.777529095560111e-7 -6.62516797828474 
5.748785169711553e-7 -6.627147993227751 
5.720184248469208e-7 -6.627348438804935 
5.691725620367371e-7 -6.627766013637925 
5.663408577479972e-7 -6.628129442979116 
5.635232415402956e-7 -6.6285922559918165 
5.607196433236773e-7 -6.630786715462171 
5.579299933568928e-7 -6.634722032427855 
5.551542222456645e-7 -6.634917312775291 
5.523922609409598e-7 -6.635012151158031 
5.496440407372734e-7 -6.636857780072705 
5.469094932709189e-7 -6.637523833648089 
5.441885505183272e-7 -6.639974244469193 
5.414811447943555e-7 -6.640926723710949 
5.387872087506025e-7 -6.643288659913122 
5.361066753737338e-7 -6.643493956136728 
5.334394779838147e-7 -6.644534224066273 
5.307855502326514e-7 -6.645882514297541 
5.281448261021408e-7 -6.645981133552939 
5.255172399026277e-7 -6.64700812957774 
5.229027262712713e-7 -6.647259705312728 
5.203012201704192e-7 -6.648589077116838 
5.177126568859893e-7 -6.649911083541915 
5.1513697202586e-7 -6.650019639815224 
5.125741015182687e-7 -6.6510845554926545 
5.100239816102176e-7 -6.651540831896884 
5.074865488658881e-7 -6.65351619293914 
5.049617401650628e-7 -6.655554142593783 
5.02449492701555e-7 -6.657728218953178 
4.999497439816469e-7 -6.658297500232493 
4.974624318225342e-7 -6.659246449499062 
4.949874943507804e-7 -6.659461775901355 
4.925248700007765e-7 -6.660273788435997 
4.900744975132104e-7 -6.6613477208644944 
4.876363159335427e-7 -6.661821836932751 
4.852102646104903e-7 -6.662897700556986 
4.827962831945176e-7 -6.663619886323247 
4.80394311636336e-7 -6.6667716574521885 
4.78004290185409e-7 -6.668647149434005 
4.7562615938846664e-7 -6.668962615422405 
4.7325986008802653e-7 -6.670165586262613 
4.7090533342092194e-7 -6.670795577792773 
4.6856252081683775e-7 -6.671117956430149 
4.662313639968535e-7 -6.6724021412351515 
4.6391180497199356e-7 -6.673294443266323 
4.6160378604178464e-7 -6.673489929681828 
4.5930724979282054e-7 -6.6763075621441 
4.570221390973339e-7 -6.676409264044806 
4.54748397111775e-7 -6.67686672183263 
4.52485967275398e-7 -6.677000938131868 
4.502347933088538e-7 -6.678128698540046 
4.4799481921278986e-7 -6.680780684808227 
4.4576598926645757e-7 -6.684317488356876 
4.4354824802632596e-7 -6.686805076494503 
4.4134154032470244e-7 -6.691756181528178 
4.3914581126836064e-7 -6.693030680411909 
4.369610062371748e-7 -6.694433225928967 
4.34787070882761e-7 -6.694638024210472 
4.3262395112712536e-7 -6.695287458322308 
4.3047159316131877e-7 -6.697460157211811 
4.283299434440983e-7 -6.699485136524345 
4.2619894870059534e-7 -6.702204245898411 
4.240785559209904e-7 -6.703052427326206 
4.2196871235919443e-7 -6.704044828241818 
4.1986936553153677e-7 -6.704306061170365 
4.1778046321545946e-7 -6.706521222305258 
4.157019534482184e-7 -6.706945530609749 
4.1363378452559045e-7 -6.707042945472722 
4.1157590500058753e-7 -6.710837291880292 
4.0952826368217666e-7 -6.711422379171479 
4.074908096340066e-7 -6.712676625359008 
4.0546349217314094e-7 -6.713486230095206 
4.0344626086879694e-7 -6.719423257753598 
4.014390655410915e-7 -6.7203658366257555 
3.9944185625979257e-7 -6.720415048377684 
3.974545833430772e-7 -6.7206188215149965 
3.954771973562957e-7 -6.721727944428629 
3.93509649110742e-7 -6.722945909348146 
3.9155188966242985e-7 -6.723031171685424 
3.896038703108755e-7 -6.72331582784249 
3.876655425978861e-7 -6.723936806411326 
3.857368583063543e-7 -6.725553165289217 
3.8381776945905905e-7 -6.725635110464012 
3.819082283174717e-7 -6.7265271913287155 
3.8000818738056885e-7 -6.727648565982067 
3.781175993836506e-7 -6.727673463549785 
3.762364172971648e-7 -6.730276389206782 
3.743645943255371e-7 -6.731881500415818 
3.725020839060071e-7 -6.734959423886088 
3.7064883970746973e-7 -6.735589233267365 
3.6880481562932316e-7 -6.736828528846805 
3.6696996580032156e-7 -6.738415558262609 
3.6514424457743437e-7 -6.741631241747601 
3.633276065447108e-7 -6.743554865317704 
3.615200065121501e-7 -6.743999695189239 
3.597213995145772e-7 -6.746180346388587 
3.579317408105246e-7 -6.7486125033423034 
3.56150985881119e-7 -6.749461660087008 
3.5437909042897413e-7 -6.749701607729879 
3.526160103770887e-7 -6.749783591356436 
3.5086170186775e-7 -6.7506426915389035 
3.4911612126144276e-7 -6.751614059906784 
3.4737922513576395e-7 -6.757976144926892 
3.4565097028434224e-7 -6.7582101753728185 
3.439313137157634e-7 -6.758349777364586 
3.4222021265250096e-7 -6.758433284102466 
3.405176245298517e-7 -6.7589344684659975 
3.3882350699487733e-7 -6.759316923657959 
3.3713781790535057e-7 -6.759970479239809 
3.3546051532870705e-7 -6.760679985744477 
3.33791557541002e-7 -6.762682030583102 
3.3213090302587266e-7 -6.763862223502085 
3.3047851047350516e-7 -6.766527099133332 
3.2883433877960714e-7 -6.768812578285074 
3.271983470443852e-7 -6.768963562623085 
3.2557049457152756e-7 -6.773794094412126 
3.239507408671916e-7 -6.775976688094577 
3.2233904563899667e-7 -6.780187320333155 
3.2073536879502156e-7 -6.781599815673083 
3.1913967044280755e-7 -6.781780406210566 
3.175519108883657e-7 -6.782313221651277 
3.1597205063518976e-7 -6.782313749907218 
3.144000503832734e-7 -6.7830387209199365 
3.1283587102813276e-7 -6.783485844607725 
3.112794736598336e-7 -6.784353509352885 
3.097308195620235e-7 -6.784448634894506 
3.0818987021096866e-7 -6.785256988263801 
3.0665658727459567e-7 -6.785994451094589 
3.0513093261153796e-7 -6.786053853780358 
3.036128682701871e-7 -6.789093093803968 
3.021023564877483e-7 -6.7896836974728325 
3.0059935968930184e-7 -6.790012045560157 
2.991038404868675e-7 -6.790899584826451 
2.976157616784751e-7 -6.793681538486368 
2.9613508624723893e-7 -6.79370969037728 
2.9466177736043677e-7 -6.79642769966471 
2.931957983685938e-7 -6.79645304588167 
2.917371128045709e-7 -6.796465546709433 
2.9028568438265767e-7 -6.796649759953772 
2.8884147699766933e-7 -6.7975469510263125 
2.8740445472404906e-7 -6.798745194522264 
2.8597458181497424e-7 -6.801835515915504 
2.845518227014669e-7 -6.803344207824731 
2.8313614199150936e-7 -6.804242889175142 
2.817275044691635e-7 -6.804760485217966 
2.8032587509369507e-7 -6.805796707599126 
2.7893121899870155e-7 -6.807299301503898 
2.7754350149124536e-7 -6.808262389237864 
2.761626880509904e-7 -6.808859844687462 
2.747887443293437e-7 -6.810756118615405 
2.734216361486007e-7 -6.8114932769607295 
2.7206132950109523e-7 -6.8129069024867475 
2.7070779054835346e-7 -6.813194109721394 
2.693609856202522e-7 -6.815674917064712 
2.680208812141813e-7 -6.816316019463217 
2.6668744399421027e-7 -6.816881657880404 
2.6536064079025896e-7 -6.818745609009717 
2.640404385972726e-7 -6.819020922111834 
2.627268045744006e-7 -6.819660889127863 
2.614197060441797e-7 -6.821261209844028 
2.6011911049172113e-7 -6.821584021236126 
2.588249855639016e-7 -6.822287637152685 
2.5753729906855886e-7 -6.822414222432121 
2.5625601897369037e-7 -6.822533481692149 
2.549811134066571e-7 -6.824401210187492 
2.5371255065339015e-7 -6.824819430945714 
2.5245029915760217e-7 -6.829867861214016 
2.5119432752000214e-7 -6.83037189404125 
2.499446044975146e-7 -6.831569460493445 
2.487010990025021e-7 -6.832961004657284 
2.474637801019921e-7 -6.833808334083924 
2.462326170169076e-7 -6.834436437642284 
2.450075791213011e-7 -6.835748917071164 
2.437886359415931e-7 -6.837139446408712 
2.4257575715581405e-7 -6.837243497007788 
2.413689125928498e-7 -6.839232241220743 
2.4016807223169136e-7 -6.839367475824295 
2.3897320620068795e-7 -6.8398406944040335 
2.3778428477680392e-7 -6.841396325562471 
2.3660127838487953e-7 -6.845226321832479 
2.3542415759689506e-7 -6.848002016548572 
2.3425289313123887e-7 -6.849915936549811 
2.33087455851979e-7 -6.851172249289317 
2.319278167681383e-7 -6.85366565717473 
2.3077394703297345e-7 -6.853823668265901 
2.2962581794325715e-7 -6.854360483387653 
2.2848340093856435e-7 -6.854945521768426 
2.2734666760056154e-7 -6.85597581226366 
2.2621558965230003e-7 -6.856958357126547 
2.250901389575125e-7 -6.857355461678143 
2.2397028751991292e-7 -6.858019319786899 
2.2285600748250043e-7 -6.858955008468399 
2.217472711268661e-7 -6.861093409814236 
2.206440508725036e-7 -6.864679757927733 
2.19546319276123e-7 -6.868842564110013 
2.1845404903096816e-7 -6.869077503516198 
2.1736721296613747e-7 -6.87003477930668 
2.1628578404590793e-7 -6.872148590815019 
2.1520973536906263e-7 -6.873999619133009 
2.141390401682215e-7 -6.874071331843511 
2.1307367180917565e-7 -6.875386890882331 
2.1201360379022454e-7 -6.8756506342903485 
2.1095880974151694e-7 -6.87809934353794 
2.0990926342439498e-7 -6.878126762925075 
2.0886493873074128e-7 -6.879726150900028 
2.0782580968232963e-7 -6.888737598664016 
2.0679185043017873e-7 -6.889217559257684 
2.057630352539092e-7 -6.889516782434081 
2.047393385611037e-7 -6.891745881302532 
2.0372073488667035e-7 -6.892430856700791 
2.027071988922093e-7 -6.892599923303453 
2.0169870536538238e-7 -6.893980269965447 
2.0069522921928597e-7 -6.8955529462793885 
1.9969674549182684e-7 -6.895953439557129 
1.9870322934510133e-7 -6.896699155168576 
1.9771465606477744e-7 -6.897077204369029 
1.9673100105948005e-7 -6.903209468949841 
1.9575223986017917e-7 -6.903430487784621 
1.9477834811958127e-7 -6.904705361109707 
1.9380930161152366e-7 -6.905575940201474 
1.928450762303718e-7 -6.907898746142148 
1.918856479904197e-7 -6.910392365568667 
1.9093099302529323e-7 -6.912334091238949 
1.8998108758735645e-7 -6.912366262276684 
1.8903590804712085e-7 -6.912818878596033 
1.8809543089265757e-7 -6.913843371080968 
1.8715963272901252e-7 -6.914051175448726 
1.862284902776244e-7 -6.915284584473494 
1.8530198037574568e-7 -6.915901130651233 
1.8438007997586635e-7 -6.916794257368595 
1.8346276614514066e-7 -6.91685683414951 
1.8255001606481656e-7 -6.922494047134845 
1.8164180702966822e-7 -6.923050948966192 
1.8073811644743108e-7 -6.9233432305864335 
1.7983892183823988e-7 -6.926336182929647 
1.7894420083406953e-7 -6.928705370579692 
1.7805393117817865e-7 -6.931155310626474 
1.7716809072455587e-7 -6.933640354051558 
1.7628665743736903e-7 -6.934051069419216 
1.7540960939041696e-7 -6.934757973203874 
1.7453692476658405e-7 -6.934967924996243 
1.7366858185729756e-7 -6.938532437405192 
1.7280455906198762e-7 -6.939847310710107 
1.7194483488754987e-7 -6.9402444911758305 
1.7108938794781081e-7 -6.940321383590482 
1.7023819696299585e-7 -6.943048584564868 
1.6939124075919985e-7 -6.948132999031587 
1.6854849826786055e-7 -6.949936129768537 
1.677099485252344e-7 -6.951033726133937 
1.6687557067187502e-7 -6.951570968254693 
1.6604534395211445e-7 -6.951660825755018 
1.652192477135467e-7 -6.952107246755414 
1.6439726140651415e-7 -6.954859073379685 
1.6357936458359618e-7 -6.955470671835104 
1.6276553689910067e-7 -6.95908866890784 
1.6195575810855788e-7 -6.959528773938517 
1.6115000806821682e-7 -6.959841769190328 
1.603482667345441e-7 -6.959970566214428 
1.5955051416372547e-7 -6.9609045553711475 
1.5875673051116964e-7 -6.961015667539298 
1.5796689603101456e-7 -6.96443491886742 
1.5718099107563637e-7 -6.9649507150349645 
1.5639899609516059e-7 -6.966682573656768 
1.556208916369757e-7 -6.96811860764607 
1.5484665834524945e-7 -6.968443212510727 
1.5407627696044722e-7 -6.9687918280191825 
1.5330972831885296e-7 -6.969239891620794 
1.525469933520925e-7 -6.97232136209875 
1.5178805308665922e-7 -6.974064742669617 
1.51032888643442e-7 -6.976329207906011 
1.5028148123725572e-7 -6.978139095098118 
1.4953381217637386e-7 -6.978849980533636 
1.4878986286206355e-7 -6.979118682860526 
1.4804961478812295e-7 -6.981888786057324 
1.4731304954042085e-7 -6.982707023002869 
1.4658014879643865e-7 -6.984051656975039 
1.4585089432481457e-7 -6.987160396244943 
1.4512526798489014e-7 -6.990499380803311 
1.4440325172625884e-7 -6.994068390187337 
1.4368482758831726e-7 -6.9956690489242455 
1.4296997769981818e-7 -6.996096815049555 
1.4225868427842605e-7 -6.99635921328209 
1.4155092963027468e-7 -6.998439549437538 
1.4084669614952704e-7 -7.0045455833021615 
1.4014596631793736e-7 -7.005033636590126 
1.3944872270441527e-7 -7.006343855728213 
1.3875494796459233e-7 -7.00710385903238 
1.3806462484039038e-7 -7.007643473437923 
1.373777361595924e-7 -7.008581831946256 
1.3669426483541536e-7 -7.0112285859786665 
1.3601419386608492e-7 -7.011765761940443 
1.3533750633441287e-7 -7.013676360203977 
1.3466418540737597e-7 -7.0143787540598375 
1.339942143356975e-7 -7.019276061223335 
1.3332757645343035e-7 -7.019832038939126 
1.3266425517754263e-7 -7.020710553688835 
1.3200423400750513e-7 -7.022044274220211 
1.313474965248807e-7 -7.029078249204042 
1.3069402639291615e-7 -7.031243370673383 
1.3004380735613546e-7 -7.033328942839347 
1.293968232399358e-7 -7.034394710616407 
1.2875305795018487e-7 -7.0377996084804195 
1.2811249547282078e-7 -7.038186052128866 
1.274751198734535e-7 -7.039224722763307 
1.2684091529696867e-7 -7.040142101706621 
1.26209865967133e-7 -7.0401747300994755 
1.25581956186202e-7 -7.041546057183695 
1.2495717033452934e-7 -7.0443232080701055 
1.2433549287017846e-7 -7.050990996241789 
1.237169083285358e-7 -7.051042663755157 
1.2310140132192616e-7 -7.05256001956973 
1.2248895653923002e-7 -7.054088649398973 
1.218795587455025e-7 -7.054570069255812 
1.2127319278159453e-7 -7.055986766005239 
1.2066984356377565e-7 -7.056572325059897 
1.2006949608335886e-7 -7.057717809605318 
1.1947213540632722e-7 -7.057753098083233 
1.1887774667296241e-7 -7.063843342858849 
1.1828631509747505e-7 -7.065010299081756 
1.1769782596763687e-7 -7.065634076962992 
1.1711226464441479e-7 -7.066268156950698 
1.1652961656160677e-7 -7.06682896165856 
1.1594986722547937e-7 -7.0687953929565985 
1.1537300221440734e-7 -7.069473525988842 
1.1479900717851477e-7 -7.070916467373571 
1.1422786783931817e-7 -7.077331876753971 
1.1365956998937133e-7 -7.078192445039084 
1.1309409949191177e-7 -7.080947704262267 
1.1253144228050922e-7 -7.081161784031941 
1.1197158435871565e-7 -7.081912305227302 
1.1141451179971706e-7 -7.082710475094258 
1.1086021074598713e-7 -7.083196062089564 
1.1030866740894242e-7 -7.0846937023710375 
1.0975986806859942e-7 -7.086432031129086 
1.0921379907323326e-7 -7.087129550849955 
1.0867044683903808e-7 -7.089276241145275 
1.0812979784978913e-7 -7.090390673720371 
1.075918386565066e-7 -7.098153842478165 
1.07056555877121e-7 -7.099218814817291 
1.065239361961403e-7 -7.099817710826969 
1.059939663643187e-7 -7.100050568227915 
1.0546663319832708e-7 -7.1014742058385805 
1.0494192358042496e-7 -7.103785833973976 
1.0441982445813429e-7 -7.110272743731989 
1.0390032284391472e-7 -7.114021271919122 
1.0338340581484051e-7 -7.115295621834086 
1.0286906051227912e-7 -7.121505776863785 
1.0235727414157127e-7 -7.122505906246321 
1.018480339717127e-7 -7.123366056714501 
1.0134132733503752e-7 -7.123511572283 
1.0083714162690301e-7 -7.124973089630397 
1.0033546430537612e-7 -7.127187152711116 
9.983628289092152e-8 -7.129601775415922 
9.933958496609107e-8 -7.129738388896733 
9.8845358175215e-8 -7.131967302639108 
9.835359022409452e-8 -7.133516891779168 
9.786426887969605e-8 -7.141894829825208 
9.737738196984681e-8 -7.142914339261845 
9.689291738293216e-8 -7.1437903438326025 
9.641086306759419e-8 -7.148794479225563 
9.593120703243203e-8 -7.152916981006156 
9.545393734570351e-8 -7.154827159531266 
9.497904213502838e-8 -7.15511508925605 
9.450650958709291e-8 -7.157788902469862 
9.403632794735613e-8 -7.160589514786884 
9.356848551975736e-8 -7.161262599094513 
9.310297066642523e-8 -7.161361964020507 
9.263977180738829e-8 -7.163035794184556 
9.217887742028685e-8 -7.163347835530221 
9.172027604008643e-8 -7.163970874645777 
9.126395625879247e-8 -7.168906466981269 
9.080990672516663e-8 -7.170946310062096 
9.035811614444441e-8 -7.1731814466734445 
8.990857327805414e-8 -7.176034492218226 
8.946126694333746e-8 -7.176477252585975 
8.901618601327111e-8 -7.180421193981667 
8.857331941619016e-8 -7.185771753479824 
8.81326561355126e-8 -7.185860305859341 
8.769418520946527e-8 -7.186289512031296 
8.725789573081121e-8 -7.191944564437385 
8.682377684657833e-8 -7.192577429085279 
8.639181775778938e-8 -7.193737623321081 
8.596200771919341e-8 -7.194510139525957 
8.553433603899843e-8 -7.196348364916777 
8.510879207860541e-8 -7.199213935518746 
8.468536525234368e-8 -7.201864431055269 
8.426404502720765e-8 -7.205669439641371 
8.384482092259468e-8 -7.208872261353965 
8.342768251004446e-8 -7.213115152248419 
8.301261941297957e-8 -7.213455107464543 
8.259962130644732e-8 -7.21474768872996 
8.218867791686302e-8 -7.215578546472485 
8.177977902175424e-8 -7.217271955184724 
8.137291444950672e-8 -7.217814126283893 
8.096807407911116e-8 -7.218261823251085 
8.05652478399116e-8 -7.222349553854795 
8.016442571135483e-8 -7.225030637859579 
7.976559772274113e-8 -7.225109257686876 
7.936875395297625e-8 -7.225263161581745 
7.897388453032462e-8 -7.226022831364828 
7.858097963216381e-8 -7.226454012687885 
7.819002948474011e-8 -7.2344554373858685 
7.780102436292548e-8 -7.235026046111953 
7.741395458997561e-8 -7.235759781388722 
7.702881053728916e-8 -7.237295112054389 
7.664558262416832e-8 -7.238299531967592 
7.626426131758043e-8 -7.2398213545360015 
7.588483713192083e-8 -7.241688106312537 
7.550730062877694e-8 -7.242567625083883 
7.513164241669348e-8 -7.244969419950895 
7.475785315093878e-8 -7.247035841227378 
7.438592353327242e-8 -7.247329727109263 
7.401584431171385e-8 -7.249483463729923 
7.364760628031229e-8 -7.251187796900126 
7.328120027891771e-8 -7.252215664052072 
7.291661719295294e-8 -7.257340601796834 
7.255384795318701e-8 -7.258625567006103 
7.219288353550947e-8 -7.259452277323734 
7.183371496070593e-8 -7.262136709094734 
7.147633329423476e-8 -7.26321914960745 
7.112072964600474e-8 -7.266022086545842 
7.076689517015397e-8 -7.267305221937706 
7.041482106482982e-8 -7.267556402958169 
7.006449857196997e-8 -7.267674481373899 
6.971591897708455e-8 -7.269918052408144 
6.936907360903936e-8 -7.270498364904498 
6.902395383984017e-8 -7.2742426909734546 
6.868055108441807e-8 -7.2758517530627405 
6.8338856800416e-8 -7.276497254431449 
6.799886248797612e-8 -7.277182313366415 
6.766055968952848e-8 -7.279487703916992 
6.732393998958058e-8 -7.2795321483014295 
6.698899501450803e-8 -7.280640594093567 
6.66557164323463e-8 -7.281803221979009 
6.63240959525834e-8 -7.2860591637662235 
6.599412532595362e-8 -7.286454849525519 
6.566579634423246e-8 -7.287437262779556 
6.53391008400323e-8 -7.297282656455542 
6.501403068659931e-8 -7.297877252879813 
6.469057779761126e-8 -7.298408631228595 
6.436873412697637e-8 -7.299338726167461 
6.404849166863321e-8 -7.300188038504602 
6.372984245635145e-8 -7.303418268347597 
6.341277856353379e-8 -7.303752965577116 
6.309729210301869e-8 -7.309091654818535 
6.278337522688427e-8 -7.309265458054172 
6.247102012625301e-8 -7.323567007231723 
6.216021903109753e-8 -7.324739802776766 
6.185096421004729e-8 -7.324924224377253 
6.154324797019631e-8 -7.325152779216568 
6.123706265691175e-8 -7.325709528016078 
6.093240065364353e-8 -7.329108897908015 
6.062925438173487e-8 -7.331706850987858 
6.032761630023369e-8 -7.33729900534864 
6.002747890570517e-8 -7.340982181346695 
5.972883473204494e-8 -7.341264852210795 
5.943167635029348e-8 -7.342803587822343 
5.9135996368451225e-8 -7.343734041333803 
5.884178743129475e-8 -7.3449774772177925 
5.854904222019378e-8 -7.345065443727946 
5.825775345292914e-8 -7.349179971840163 
5.796791388351158e-8 -7.358186199852874 
5.767951630200158e-8 -7.358601724249352 
5.739255353432993e-8 -7.358960497800556 
5.710701844211933e-8 -7.359225094267875 
5.68229039225068e-8 -7.359548261839252 
5.654020290796697e-8 -7.360294963159678 
5.625890836613629e-8 -7.361031479075966 
5.59790132996381e-8 -7.361829775874867 
5.5700510745908555e-8 -7.362061214654949 
5.542339377702344e-8 -7.363225088789964 
5.5147655499525813e-8 -7.363538060372305 
5.487328905425454e-8 -7.36493439533514 
5.4600287616173675e-8 -7.3669616157066695 
5.4328644394202664e-8 -7.367217122678241 
5.405835263104743e-8 -7.37352319902359 
5.378940560303227e-8 -7.377257173769696 
5.3521796619932603e-8 -7.378285116715485 
5.325551902480856e-8 -7.381421417104809 
5.299056619383937e-8 -7.381761959494562 
5.2726931536158575e-8 -7.385393993226214 
5.2464608493690124e-8 -7.385774708364244 
5.2203590540985204e-8 -7.388081222098056 
5.1943871185059904e-8 -7.388823701771254 
5.1685443965233736e-8 -7.389489106987263 
5.1428302452968894e-8 -7.3896857314531585 
5.1172440251710344e-8 -7.3903318434792835 
5.091785099672671e-8 -7.390491611361415 
5.066452835495195e-8 -7.392562836416985 
5.041246602482781e-8 -7.394083701554365 
5.016165773614708e-8 -7.394449307427916 
4.9912097249897594e-8 -7.399756600476642 
4.966377835810706e-8 -7.401026564528697 
4.9416694883688616e-8 -7.4018295337897095 
4.917084068028718e-8 -7.401901938797925 
4.892620963212655e-8 -7.4048996960036835 
4.868279565385727e-8 -7.406468194454945 
4.844059269040524e-8 -7.409937869704126 
4.819959471682114e-8 -7.412040122386269 
4.795979573813048e-8 -7.413248767355973 
4.772118978918456e-8 -7.415059471236757 
4.7483770934512005e-8 -7.415871330559554 
4.724753326817115e-8 -7.420730261190835 
4.7012470913603135e-8 -7.422078516761403 
4.6778578023485705e-8 -7.422139357400469 
4.654584877958777e-8 -7.422715538575877 
4.6314277392624645e-8 -7.4254703326478335 
4.6083858102114075e-8 -7.4280310194623045 
4.5854585176232913e-8 -7.429452416819856 
4.5626452911674544e-8 -7.429585028988226 
4.539945563350701e-8 -7.4339384774112185 
4.517358769503185e-8 -7.438154794911797 
4.494884347764363e-8 -7.438703150897715 
4.472521739069018e-8 -7.44152186272317 
4.4502703871333515e-8 -7.4441063995988435 
4.428129738441146e-8 -7.445746502856399 
4.406099242229996e-8 -7.44792493009571 
4.384178350477608e-8 -7.451514059976859 
4.3623665178881675e-8 -7.451536885436086 
4.3406632018787735e-8 -7.452653815958543 
4.319067862565944e-8 -7.454625578866813 
4.297579962752183e-8 -7.455187875030317 
4.2761989679126204e-8 -7.455582309421184 
4.254924346181712e-8 -7.459587361277309 
4.233755568340012e-8 -7.460111208153646 
4.212692107801007e-8 -7.462554677289277 
4.191733440598017e-8 -7.465060008773831 
4.170879045371161e-8 -7.4652541377180315 
4.1501284033543894e-8 -7.468357957688558 
4.129480998362577e-8 -7.469787854540141 
4.108936316778683e-8 -7.470526776184359 
4.088493847540979e-8 -7.472569725836572 
4.0681530821303265e-8 -7.47870183305839 
4.047913514557539e-8 -7.483118897741079 
4.0277746413507856e-8 -7.49025746628447 
4.00773596154307e-8 -7.491067724090175 
3.9877969766597714e-8 -7.492966715747528 
3.9679571907062405e-8 -7.496682144345549 
3.948216110155463e-8 -7.498392224161053 
3.928573243935784e-8 -7.500713000585399 
3.9090281034186906e-8 -7.504675804660091 
3.889580202406658e-8 -7.506211248390163 
3.870229057121052e-8 -7.5064528700636055 
3.850974186190102e-8 -7.506729406810815 
3.831815110636918e-8 -7.509070365881948 
3.81275135386758e-8 -7.510416513894766 
3.7937824416592835e-8 -7.51201703420555 
3.7749079021485406e-8 -7.514651136299268 
3.756127265819444e-8 -7.516157578452825 
3.7374400654919836e-8 -7.519413082583939 
3.718845836310432e-8 -7.519607596523314 
3.700344115731773e-8 -7.520054302881227 
3.681934443514202e-8 -7.5203065531912126 
3.663616361705674e-8 -7.522024648567294 
3.645389414632511e-8 -7.527714276752525 
3.627253148888071e-8 -7.535903926198258 
3.6092071133214634e-8 -7.53764333463433 
3.591250859026332e-8 -7.539670368880087 
3.573383939329684e-8 -7.548886420579305 
3.55560590978078e-8 -7.549760694436191 
3.53791632814008e-8 -7.5514463076666605 
3.520314754368239e-8 -7.552999953284101 
3.502800750615163e-8 -7.558377230490672 
3.4853738812091175e-8 -7.5651818401852715 
3.468033712645888e-8 -7.568188968214056 
3.450779813577998e-8 -7.568375366143759 
3.4336117548039785e-8 -7.568654127139508 
3.41652910925769e-8 -7.570007282704425 
3.399531451997702e-8 -7.575024515547014 
3.382618360196718e-8 -7.57776956008856 
3.365789413131063e-8 -7.582490271942321 
3.349044192170212e-8 -7.582638655308242 
3.33238228076638e-8 -7.5851374390750985 
3.3158032644441594e-8 -7.586294561595321 
3.299306730790208e-8 -7.588711916626402 
3.2828922694429934e-8 -7.591003972712311 
3.2665594720825805e-8 -7.592004249814287 
3.2503079324204784e-8 -7.597978781696528 
3.234137246189531e-8 -7.598900742739817 
3.2180470111338615e-8 -7.600056294270743 
3.202036826998867e-8 -7.601507803938487 
3.186106295521261e-8 -7.601658579384365 
3.170255020419165e-8 -7.609292593696645 
3.154482607382254e-8 -7.614339718699504 
3.138788664061944e-8 -7.6172337595944875 
3.123172800061636e-8 -7.617760440965572 
3.107634626927001e-8 -7.617814956460391 
3.09217375813632e-8 -7.618558892524574 
3.0767898090908653e-8 -7.619872314947793 
3.061482397105339e-8 -7.620912782760321 
3.0462511413983474e-8 -7.623403372872765 
3.031095663082933e-8 -7.627705120162476 
3.016015585157147e-8 -7.627880640739471 
3.001010532494674e-8 -7.6288423069552405 
2.986080131835496e-8 -7.631213578852087 
2.9712240117766133e-8 -7.635882907797927 
2.956441802762799e-8 -7.6366796566553745 
2.9417331370774122e-8 -7.653999974724631 
2.927097648833246e-8 -7.655100967067702 
2.912534973963429e-8 -7.657578493463653 
2.898044750212367e-8 -7.657963175168498 
2.8836266171267335e-8 -7.6605623472655395 
2.8692802160465013e-8 -7.660793274069762 
2.855005190096021e-8 -7.663090016263158 
2.8408011841751454e-8 -7.667859016572391 
2.8266678449503935e-8 -7.673823639538986 
2.812604820846163e-8 -7.674412180840264 
2.798611762035983e-8 -7.675643893940508 
2.784688320433814e-8 -7.675823181324242 
2.7708341496853872e-8 -7.679745231669444 
2.7570489051595892e-8 -7.687526171761621 
2.74333224393989e-8 -7.690357613364523 
2.729683824815811e-8 -7.690998757087484 
2.7161033082744387e-8 -7.6911755440668355 
2.702590356491979e-8 -7.691524182893551 
2.689144633325352e-8 -7.692866378353769 
2.675765804303833e-8 -7.693579036193773 
2.6624535366207296e-8 -7.698678998696993 
2.649207499125104e-8 -7.699977884210913 
2.6360273623135365e-8 -7.70149239132193 
2.622912798321927e-8 -7.703866085525526 
2.6098634809173404e-8 -7.70628178081808 
2.5968790854898907e-8 -7.706604667446545 
2.5839592890446675e-8 -7.706680733751369 
2.571103770193699e-8 -7.706780364098202 
2.5583122091479592e-8 -7.707052596815266 
2.5455842877094122e-8 -7.7071376386236965 
2.532919689263097e-8 -7.7076705778402985 
2.5203180987692508e-8 -7.709945079034769 
2.5077792027554734e-8 -7.7102062797953135 
2.495302689308929e-8 -7.714635462457007 
2.482888248068586e-8 -7.722177376367971 
2.4705355702174986e-8 -7.72256332041581 
2.458244348475123e-8 -7.724354704647408 
2.4460142770896747e-8 -7.727251608567807 
2.433845051830522e-8 -7.729278564721664 
2.421736369980619e-8 -7.7344332402536935 
2.4096879303289744e-8 -7.739343070039454 
2.3976994331631585e-8 -7.741460239495729 
2.3857705802618493e-8 -7.7435930256463115 
2.3739010748874122e-8 -7.744836187454495 
2.3620906217785197e-8 -7.746082305974419 
2.350338927142806e-8 -7.747319472758023 
2.338645698649558e-8 -7.749551429568917 
2.327010645422446e-8 -7.7510173337810775 
2.3154334780322847e-8 -7.7589875433953175 
2.3039139084898354e-8 -7.759026404428835 
2.292451650238642e-8 -7.759827525546687 
2.281046418147903e-8 -7.759991316339885 
2.269697928505376e-8 -7.761136135896047 
2.2584058990103245e-8 -7.761925716151587 
2.247170048766492e-8 -7.763212274153393 
2.2359900982751165e-8 -7.76477356005222 
2.2248657694279766e-8 -7.765043258221993 
2.2137967855004744e-8 -7.7669653894706965 
2.2027828711447505e-8 -7.767525801010996 
2.1918237523828363e-8 -7.768962511399579 
2.1809191565998372e-8 -7.771029874808211 
2.1700688125371517e-8 -7.771810826460285 
2.159272450285723e-8 -7.773469412970528 
2.1485298012793264e-8 -7.774062056643275 
2.1378405982878872e-8 -7.7784825245094025 
2.127204575410833e-8 -7.787231844453214 
2.1166214680704808e-8 -7.78993751215583 
2.1060910130054534e-8 -7.79028823284302 
2.0956129482641326e-8 -7.794015253422604 
2.085187013198142e-8 -7.796285373104968 
2.0748129484558627e-8 -7.800872764832488 
2.064490495975983e-8 -7.805703095005893 
2.0542193989810778e-8 -7.807190318626789 
2.0439994019712215e-8 -7.807744093973083 
2.0338302507176333e-8 -7.808817520111555 
2.023711692256352e-8 -7.809664717863663 
2.013643474881942e-8 -7.813652446988965 
2.003625348141236e-8 -7.816593217835242 
1.9936570628271006e-8 -7.823880712995633 
1.9837383709722392e-8 -7.825644082250672 
1.973869025843024e-8 -7.82783072677029 
1.9640487819333576e-8 -7.836908324573283 
1.9542773949585647e-8 -7.838064983141696 
1.9445546218493183e-8 -7.840681895179449 
1.93488022074559e-8 -7.8438974551660685 
1.9252539509906372e-8 -7.844136036957549 
1.915675573125012e-8 -7.844744621620847 
1.9061448488806092e-8 -7.845489339598732 
1.8966615411747355e-8 -7.849001379547271 
1.8872254141042143e-8 -7.8503715601680675 
1.877836232939517e-8 -7.850384220325525 
1.8684937641189222e-8 -7.851550087545431 
1.8591977752427088e-8 -7.8521478424346505 
1.849948035067372e-8 -7.852167268493664 
1.8407443134998728e-8 -7.852739791848533 
1.831586381591913e-8 -7.8557051995415845 
1.822474011534242e-8 -7.855953343691627 
1.813406976650987e-8 -7.8568998067516125 
1.804385051394017e-8 -7.857995951723043 
1.7954080113373304e-8 -7.860827628905187 
1.786475633171473e-8 -7.862353256153802 
1.7775876946979834e-8 -7.8656371076134715 
1.768743974823864e-8 -7.878141641778794 
1.7599442535560837e-8 -7.878748452081629 
1.7511883119961032e-8 -7.879939517555307 
1.742475932334431e-8 -7.883308420744611 
1.733806897845205e-8 -7.885365517298356 
1.725180992880801e-8 -7.889717602367572 
1.7165980028664687e-8 -7.891602770392623 
1.708057714294994e-8 -7.892443139758285 
1.699559914721387e-8 -7.894042987114143 
1.691104392757599e-8 -7.897807253524254 
1.6826909380672627e-8 -7.898579018697742 
1.6743193413604605e-8 -7.899954819522173 
1.665989394388518e-8 -7.902437868340285 
1.657700889938824e-8 -7.902564547350227 
1.6494536218296753e-8 -7.904918218713134 
1.6412473849051496e-8 -7.905080160631878 
1.63308197503e-8 -7.907291950714681 
1.6249571890845768e-8 -7.907728090357854 
1.616872824959778e-8 -7.908002101842067 
1.6088286815520182e-8 -7.909471648941675 
1.6008245587582268e-8 -7.910072604661748 
1.5928602574708727e-8 -7.912912602413485 
1.5849355795730077e-8 -7.9151837363015325 
1.577050327933341e-8 -7.917937479119222 
1.5692043064013343e-8 -7.918507546649955 
1.561397319802323e-8 -7.9212057995520455 
1.5536291739326595e-8 -7.922831193927698 
1.545899675554885e-8 -7.923005397723407 
1.5382086323929205e-8 -7.92303867098501 
1.530555853127284e-8 -7.925317003439381 
1.5229411473903326e-8 -7.926105889712201 
1.515364325761525e-8 -7.928705485430054 
1.5078251997627115e-8 -7.930154154135645 
1.5003235818534442e-8 -7.934400102717179 
1.4928592854263128e-8 -7.934666685075698 
1.4854321248023011e-8 -7.935592574081592 
1.4780419152261703e-8 -7.949663850934855 
1.4706884728618611e-8 -7.949878839215787 
1.4633716147879215e-8 -7.950388980514197 
1.4560911589929568e-8 -7.950590535639683 
1.4488469243711012e-8 -7.951852390502826 
1.4416387307175138e-8 -7.951928127928103 
1.4344663987238943e-8 -7.955044853636619 
1.4273297499740242e-8 -7.957708054168325 
1.4202286069393276e-8 -7.9672051846383605 
1.4131627929744554e-8 -7.968691152767087 
1.406132132312891e-8 -7.9728157066493175 
1.3991364500625782e-8 -7.973253460895784 
1.3921755722015704e-8 -7.976380947279142 
1.3852493255737018e-8 -7.977001718213776 
1.3783575378842804e-8 -7.9851200765262105 
1.3715000376958015e-8 -7.987376793279067 
1.3646766544236831e-8 -7.988147073627222 
1.357887218332023e-8 -7.98872295885315 
1.3511315605293761e-8 -7.988756071217402 
1.3444095129645534e-8 -7.989620563819781 
1.3377209084224412e-8 -7.990905900230711 
1.331065580519842e-8 -7.995210468623092 
1.3244433637013355e-8 -7.995776013996031 
1.3178540932351596e-8 -7.995958273951103 
1.311297605209114e-8 -8.001030747006483 
1.3047737365264818e-8 -8.004985351704878 
1.2982823249019718e-8 -8.008508644714214 
1.2918232088576836e-8 -8.012635569072255 
1.285396227719088e-8 -8.012652361077354 
1.279001221611033e-8 -8.01546426377449 
1.2726380314537641e-8 -8.016734082432773 
1.2663064989589694e-8 -8.020411948845842 
1.2600064666258402e-8 -8.020760867982174 
1.2537377777371544e-8 -8.02110745407728 
1.2475002763553775e-8 -8.027244529714409 
1.2412938073187837e-8 -8.029559725776952 
1.2351182162375957e-8 -8.030913120309624 
1.228973349490145e-8 -8.032582480888006 
1.2228590542190498e-8 -8.03603541984405 
1.2167751783274127e-8 -8.03726102785845 
1.2107215704750376e-8 -8.037683419144173 
1.2046980800746644e-8 -8.040179793984978 
1.1987045572882232e-8 -8.04043550865799 
1.1927408530231077e-8 -8.041337299629237 
1.1868068189284654e-8 -8.043463862596733 
1.1809023073915079e-8 -8.051453266350006 
1.1750271715338387e-8 -8.060272616089732 
1.1691812652077997e-8 -8.063922565424665 
1.1633644429928357e-8 -8.06592487385444 
1.1575765601918763e-8 -8.067130497009048 
1.1518174728277376e-8 -8.071189513257117 
1.14608703763954e-8 -8.07512505088163 
1.1403851120791442e-8 -8.075778000086267 
1.1347115543076062e-8 -8.076393619713807 
1.1290662231916481e-8 -8.077040445259051 
1.1234489783001474e-8 -8.081468163377828 
1.1178596799006441e-8 -8.084685012403714 
1.1122981889558649e-8 -8.084897345222378 
1.1067643671202636e-8 -8.086826016365464 
1.1012580767365807e-8 -8.088142651209536 
1.0957791808324186e-8 -8.088491424660651 
1.0903275431168344e-8 -8.093159195965011 
1.0849030279769496e-8 -8.096701044374328 
1.0795055004745768e-8 -8.099736209142607 
1.0741348263428625e-8 -8.101242352238229 
1.0687908719829478e-8 -8.101989125654883 
1.0634735044606446e-8 -8.105622655000309 
1.058182591503129e-8 -8.107816136332609 
1.0529180014956508e-8 -8.109547831412382 
1.0476796034782595e-8 -8.111514555551226 
1.0424672671425468e-8 -8.11528016123897 
1.0372808628284048e-8 -8.11550978986853 
1.0321202615208009e-8 -8.12682724923295 
1.026985334846568e-8 -8.130358985296706 
1.021875955071212e-8 -8.130443984115772 
1.0167919950957333e-8 -8.13656793534615 
1.011733328453466e-8 -8.137603959262654 
1.0066998293069315e-8 -8.139611295058868 
1.0016913724447078e-8 -8.14574803390433 
9.967078332783164e-9 -8.147590888299606 
